customer_id,frequency,recency,T,monetary_value,clv_6mo,clv_status
12347,3.0,184.0,187.0,498.0533333333333,24484.13,Average Value
12348,2.0,110.0,178.0,257.22,11079.38,Low Value
12352,3.0,34.0,116.0,115.00333333333333,7395.23,Low Value
12356,1.0,80.0,145.0,481.46000000000004,15184.56,Average Value
12359,2.0,142.0,151.0,1474.115,69615.22,High Value
12362,1.0,70.0,115.0,450.24,16997.75,Average Value
12370,2.0,86.0,180.0,547.795,23293.96,Average Value
12372,1.0,84.0,116.0,479.7,18880.53,Average Value
12377,1.0,39.0,174.0,546.6,9632.02,Low Value
12383,4.0,168.0,172.0,268.21,16099.35,Average Value
12386,1.0,29.0,186.0,143.0,1967.15,Low Value
12388,2.0,51.0,146.0,167.47500000000002,8084.7,Low Value
12393,2.0,87.0,152.0,299.3,14118.01,Low Value
12395,5.0,160.0,191.0,215.92399999999998,13866.63,Low Value
12399,2.0,78.0,81.0,282.99,18172.4,Average Value
12407,1.0,29.0,84.0,239.66,9598.81,Low Value
12413,1.0,101.0,157.0,84.65,2773.57,Low Value
12414,2.0,93.0,130.0,164.325,8494.34,Low Value
12415,5.0,134.0,157.0,8704.504,626188.66,High Value
12417,4.0,170.0,177.0,350.7325,20678.32,Average Value
12423,5.0,162.0,173.0,218.752,14921.04,Low Value
12428,3.0,41.0,103.0,233.7733333333333,15871.89,Average Value
12429,1.0,138.0,185.0,381.98,11470.27,Low Value
12431,6.0,173.0,193.0,454.21333333333337,32520.87,High Value
12433,1.0,7.0,193.0,1867.98,15256.69,Average Value
12437,6.0,133.0,151.0,236.73166666666665,19624.26,Average Value
12451,1.0,106.0,144.0,2388.31,82926.72,High Value
12455,1.0,107.0,116.0,236.4,9926.35,Low Value
12457,2.0,6.0,59.0,179.0,12924.06,Low Value
12463,1.0,35.0,61.0,261.38,13456.97,Low Value
12464,2.0,109.0,129.0,135.475,7052.29,Low Value
12468,1.0,129.0,136.0,472.95000000000005,18241.93,Average Value
12471,7.0,154.0,184.0,759.5585714285714,62178.25,High Value
12472,2.0,102.0,189.0,663.77,27410.27,Average Value
12474,6.0,129.0,149.0,375.62166666666667,31340.62,High Value
12476,4.0,143.0,181.0,513.6625,29841.38,High Value
12477,1.0,62.0,121.0,2221.02,76658.1,High Value
12480,1.0,69.0,156.0,645.02,17576.94,Average Value
12481,4.0,161.0,185.0,658.7925,37760.91,High Value
12483,4.0,156.0,159.0,162.7625,10251.75,Low Value
12490,1.0,115.0,149.0,295.5,10307.42,Low Value
12494,3.0,169.0,185.0,195.34666666666666,9701.98,Low Value
12500,3.0,67.0,153.0,270.42,14940.43,Low Value
12502,2.0,92.0,129.0,486.7,25075.52,Average Value
12520,2.0,69.0,93.0,310.07,18753.6,Average Value
12523,3.0,79.0,151.0,126.41333333333334,7082.0,Low Value
12524,4.0,129.0,153.0,547.4975,35101.6,High Value
12527,1.0,31.0,145.0,152.40000000000003,3344.3,Low Value
12528,1.0,36.0,132.0,242.13,6358.79,Low Value
12530,1.0,103.0,156.0,381.6,12262.72,Low Value
12539,2.0,71.0,153.0,1400.92,65412.33,High Value
12540,6.0,175.0,181.0,787.585,58629.17,High Value
12547,1.0,83.0,100.0,20.4,1047.55,Low Value
12553,4.0,125.0,149.0,227.0775,14811.87,Low Value
12557,2.0,115.0,191.0,2117.3100000000004,86785.0,High Value
12559,1.0,9.0,139.0,75.60000000000001,1320.21,Low Value
12567,4.0,185.0,189.0,669.52,37882.06,High Value
12569,4.0,69.0,72.0,185.445,17030.12,Average Value
12576,1.0,86.0,124.0,154.8,5894.23,Low Value
12582,1.0,50.0,108.0,186.2,6835.14,Low Value
12583,5.0,193.0,193.0,469.742,29926.6,High Value
12584,1.0,95.0,100.0,159.11,7275.78,Low Value
12585,1.0,117.0,171.0,669.25,20429.5,Average Value
12594,5.0,139.0,142.0,278.59000000000003,21258.05,Average Value
12597,1.0,85.0,88.0,688.66,32867.27,High Value
12598,1.0,64.0,104.0,528.88,21180.8,Average Value
12599,2.0,96.0,124.0,113.0,6018.39,Low Value
12600,5.0,167.0,191.0,222.692,14301.13,Low Value
12601,4.0,143.0,152.0,90.2,5854.85,Low Value
12609,1.0,132.0,138.0,422.8,16223.88,Average Value
12613,1.0,65.0,82.0,586.86,27904.09,Average Value
12619,1.0,19.0,73.0,389.68,16168.45,Average Value
12621,8.0,165.0,185.0,773.65125,69455.59,High Value
12625,1.0,108.0,139.0,823.2,29733.24,High Value
12626,1.0,10.0,146.0,142.1,2263.82,Low Value
12633,1.0,91.0,107.0,626.73,26674.74,Average Value
12637,2.0,84.0,143.0,410.535,20006.57,Average Value
12643,2.0,150.0,152.0,453.36,21393.12,Average Value
12645,1.0,97.0,136.0,393.6,14115.51,Low Value
12647,5.0,170.0,189.0,328.462,21209.88,Average Value
12654,1.0,98.0,115.0,153.15,6401.23,Low Value
12656,1.0,30.0,53.0,956.4,51432.09,High Value
12662,4.0,186.0,193.0,362.65,20277.83,Average Value
12664,1.0,90.0,142.0,602.0,20189.73,Average Value
12668,2.0,96.0,175.0,1020.3,44123.23,High Value
12670,1.0,33.0,52.0,357.34,19755.42,Average Value
12676,2.0,121.0,131.0,119.725,6194.74,Low Value
12678,3.0,166.0,173.0,1773.36,91212.62,High Value
12679,1.0,78.0,103.0,76.32000000000001,3362.36,Low Value
12681,12.0,180.0,187.0,584.9433333333333,71265.85,High Value
12682,10.0,179.0,191.0,441.90500000000003,46026.97,High Value
12683,6.0,181.0,185.0,601.6416666666667,44206.37,High Value
12684,1.0,16.0,33.0,362.0,22524.16,Average Value
12691,1.0,38.0,177.0,190.2,3250.17,Low Value
12693,2.0,108.0,139.0,198.36,9878.08,Low Value
12705,2.0,156.0,177.0,1117.05,48105.04,High Value
12708,4.0,168.0,188.0,258.4325,14699.92,Low Value
12709,7.0,176.0,186.0,653.7757142857143,53183.79,High Value
12712,8.0,189.0,191.0,301.66875000000005,26584.44,Average Value
12714,1.0,88.0,114.0,739.62,29778.81,High Value
12720,8.0,177.0,189.0,202.0475,17933.81,Average Value
12721,3.0,171.0,174.0,410.77,21104.55,Average Value
12726,4.0,173.0,177.0,301.76,17799.01,Average Value
12727,3.0,133.0,140.0,677.9666666666667,39382.29,High Value
12728,2.0,75.0,152.0,155.385,7362.73,Low Value
12731,4.0,152.0,184.0,1789.5475000000001,102811.12,High Value
12735,1.0,22.0,157.0,405.8,6803.5,Low Value
12744,1.0,70.0,138.0,2118.74,66651.27,High Value
12747,5.0,171.0,189.0,346.568,22376.67,Average Value
12748,44.0,191.0,193.0,216.7515909090909,81637.22,High Value
12753,3.0,114.0,182.0,3116.64,155208.66,High Value
12754,2.0,73.0,128.0,1482.585,76420.58,High Value
12755,1.0,85.0,185.0,17.549999999999997,508.47,Low Value
12757,1.0,26.0,31.0,243.2,16085.14,Average Value
12766,3.0,126.0,186.0,871.4733333333334,42887.61,High Value
12775,3.0,122.0,131.0,296.74333333333334,17902.46,Average Value
12778,3.0,129.0,132.0,104.19333333333334,6308.82,Low Value
12779,6.0,182.0,191.0,458.5416666666667,33046.23,High Value
12782,2.0,104.0,177.0,465.725,20057.24,Average Value
12793,1.0,37.0,191.0,357.68,5177.29,Low Value
12808,1.0,184.0,188.0,151.95000000000002,4973.33,Low Value
12811,1.0,23.0,104.0,246.60000000000002,7623.45,Low Value
12823,2.0,42.0,116.0,344.25,18685.8,Average Value
12826,2.0,49.0,185.0,271.05,11265.03,Low Value
12829,1.0,24.0,180.0,207.25,2788.79,Low Value
12836,1.0,92.0,131.0,814.71,29591.05,High Value
12839,4.0,184.0,187.0,324.44,18504.71,Average Value
12840,2.0,44.0,46.0,648.3499999999999,50363.63,High Value
12841,12.0,191.0,191.0,155.56166666666667,18734.67,Average Value
12843,3.0,78.0,84.0,326.03666666666663,24248.51,Average Value
12845,3.0,23.0,110.0,96.33333333333333,6359.76,Low Value
12853,1.0,76.0,135.0,457.6,15258.55,Average Value
12854,1.0,77.0,138.0,420.47,13784.5,Low Value
12857,1.0,92.0,122.0,304.8,11844.25,Low Value
12867,3.0,146.0,180.0,458.5833333333333,23068.67,Average Value
12868,5.0,188.0,193.0,280.75200000000007,17904.55,Average Value
12872,1.0,39.0,185.0,221.44,3524.51,Low Value
12877,6.0,158.0,178.0,88.66333333333334,6707.24,Low Value
12878,1.0,30.0,86.0,539.81,21162.29,Average Value
12888,1.0,41.0,75.0,81.36,3904.82,Low Value
12891,2.0,107.0,112.0,144.5,8075.29,Low Value
12897,1.0,97.0,121.0,87.7,3579.3,Low Value
12901,8.0,86.0,90.0,964.0,126159.07,High Value
12909,1.0,52.0,73.0,624.9200000000001,30642.69,High Value
12910,1.0,44.0,61.0,422.28000000000003,22364.73,Average Value
12913,2.0,86.0,188.0,224.385,9329.75,Low Value
12916,2.0,119.0,140.0,732.4649999999999,36102.63,High Value
12921,9.0,189.0,193.0,638.7688888888889,60982.63,High Value
12924,2.0,129.0,147.0,294.565,14188.63,Low Value
12928,1.0,118.0,179.0,387.7,11359.08,Low Value
12931,4.0,154.0,177.0,935.925,55080.09,High Value
12935,1.0,116.0,139.0,434.6,16067.49,Average Value
12937,1.0,70.0,87.0,210.8,9898.27,Low Value
12939,2.0,61.0,154.0,2647.56,122895.37,High Value
12942,1.0,168.0,185.0,137.77,4476.77,Low Value
12947,4.0,191.0,193.0,268.91249999999997,15050.25,Average Value
12948,2.0,50.0,84.0,257.23,16262.81,Average Value
12949,1.0,46.0,72.0,716.4,34650.78,High Value
12951,3.0,126.0,150.0,145.39666666666668,8181.88,Low Value
12955,2.0,64.0,87.0,111.8,7033.04,Low Value
12957,3.0,153.0,159.0,433.86999999999995,23495.8,Average Value
12967,1.0,13.0,191.0,292.5,2813.7,Low Value
12971,33.0,182.0,192.0,145.88545454545456,42191.07,High Value
12980,6.0,171.0,178.0,761.61,57272.08,High Value
12989,5.0,164.0,184.0,625.088,40989.16,High Value
12990,1.0,125.0,130.0,166.4,6688.39,Low Value
12993,1.0,91.0,118.0,72.4,2991.53,Low Value
12997,1.0,81.0,137.0,302.92,10214.56,Low Value
12999,2.0,49.0,65.0,67.8,4830.33,Low Value
13000,1.0,105.0,184.0,256.78,6969.9,Low Value
13001,9.0,142.0,146.0,782.2111111111111,87982.93,High Value
13004,7.0,174.0,177.0,343.43,28813.29,Average Value
13012,2.0,81.0,114.0,165.06,9122.14,Low Value
13013,2.0,159.0,191.0,421.975,17390.41,Average Value
13014,2.0,61.0,101.0,406.325,23624.46,Average Value
13015,2.0,52.0,69.0,549.135,37397.17,High Value
13018,8.0,99.0,115.0,417.84499999999997,48828.39,High Value
13021,2.0,143.0,178.0,303.82500000000005,13092.24,Low Value
13026,1.0,55.0,95.0,159.35999999999999,6712.5,Low Value
13027,2.0,121.0,174.0,1200.0,52146.65,High Value
13037,1.0,37.0,76.0,326.9,14759.73,Low Value
13038,1.0,107.0,110.0,196.66000000000003,8595.99,Low Value
13047,3.0,154.0,193.0,435.01666666666665,20968.77,Average Value
13048,1.0,89.0,147.0,462.31,14950.2,Average Value
13050,9.0,181.0,186.0,347.48555555555555,33957.0,High Value
13069,12.0,189.0,189.0,214.78583333333333,26021.82,Average Value
13077,1.0,76.0,186.0,263.72,5988.49,Low Value
13078,9.0,166.0,186.0,439.19666666666666,42903.52,High Value
13081,4.0,154.0,191.0,3024.1825,169752.84,High Value
13082,3.0,103.0,158.0,526.9133333333333,28591.04,Average Value
13089,35.0,184.0,189.0,822.7577142857143,253533.38,High Value
13090,5.0,134.0,192.0,587.2,37483.71,High Value
13092,3.0,148.0,179.0,84.76666666666667,4329.0,Low Value
13093,6.0,98.0,193.0,1172.1783333333333,83506.87,High Value
13094,7.0,177.0,188.0,124.20000000000002,10071.64,Low Value
13097,4.0,127.0,180.0,674.84,39304.73,High Value
13098,8.0,132.0,137.0,885.77125,94519.62,High Value
13102,11.0,167.0,185.0,313.8490909090909,35924.39,High Value
13104,1.0,87.0,174.0,111.96,3037.05,Low Value
13110,2.0,54.0,131.0,230.47000000000003,11788.78,Low Value
13113,14.0,174.0,186.0,605.9421428571429,84001.88,High Value
13117,5.0,155.0,192.0,109.85,7054.12,Low Value
13118,2.0,80.0,108.0,304.385,17185.66,Average Value
13124,1.0,107.0,179.0,1317.8,36833.31,High Value
13126,3.0,113.0,186.0,284.66,14040.95,Low Value
13133,1.0,31.0,124.0,57.45,1632.29,Low Value
13134,2.0,57.0,60.0,192.77,13885.0,Low Value
13137,1.0,56.0,128.0,645.91,20419.13,Average Value
13138,1.0,132.0,192.0,193.62,5549.1,Low Value
13139,1.0,44.0,79.0,760.52,34333.49,High Value
13141,2.0,101.0,135.0,438.23,22054.65,Average Value
13148,3.0,132.0,184.0,496.31,24619.4,Average Value
13155,1.0,42.0,188.0,189.5,3051.53,Low Value
13157,1.0,57.0,118.0,300.12,10447.44,Low Value
13162,2.0,150.0,154.0,276.09000000000003,12965.23,Low Value
13168,2.0,119.0,138.0,170.24,8526.97,Low Value
13174,1.0,53.0,189.0,688.3,12321.09,Low Value
13178,4.0,157.0,180.0,502.3,29287.69,High Value
13183,2.0,126.0,154.0,451.02000000000004,21113.83,Average Value
13184,4.0,106.0,110.0,176.6125,13513.37,Low Value
13198,2.0,112.0,181.0,851.6,36132.45,High Value
13199,12.0,169.0,186.0,271.37333333333333,33188.72,High Value
13208,2.0,103.0,129.0,265.88,13747.24,Low Value
13209,2.0,134.0,181.0,1021.795,43386.7,High Value
13213,1.0,16.0,19.0,136.25,9969.45,Low Value
13220,2.0,51.0,56.0,321.545,23603.47,Average Value
13221,1.0,119.0,179.0,346.7,10203.01,Low Value
13223,1.0,32.0,52.0,62.4,3601.92,Low Value
13225,3.0,165.0,181.0,845.0533333333333,42328.35,High Value
13230,8.0,164.0,185.0,213.25375,19174.78,Average Value
13232,3.0,63.0,63.0,253.47333333333336,21069.33,Average Value
13240,1.0,108.0,185.0,203.39000000000001,5576.29,Low Value
13246,3.0,124.0,150.0,437.48333333333335,24480.15,Average Value
13261,1.0,17.0,105.0,99.0,2898.86,Low Value
13263,13.0,134.0,145.0,254.23538461538462,38361.75,High Value
13265,2.0,90.0,93.0,579.11,34952.7,High Value
13266,5.0,71.0,76.0,304.842,31186.14,High Value
13267,6.0,167.0,186.0,313.615,22986.02,Average Value
13268,4.0,69.0,87.0,296.0525,25141.21,Average Value
13269,4.0,151.0,189.0,424.2,24010.49,Average Value
13280,1.0,21.0,157.0,392.01,6473.79,Low Value
13285,1.0,64.0,110.0,506.38,19358.6,Average Value
13294,1.0,60.0,69.0,390.09,20290.28,Average Value
13301,1.0,70.0,112.0,153.86,6034.18,Low Value
13305,3.0,127.0,192.0,168.01666666666665,8154.72,Low Value
13309,1.0,102.0,128.0,155.93,6054.14,Low Value
13310,1.0,118.0,144.0,407.47,14699.9,Low Value
13313,1.0,124.0,159.0,302.44,10172.19,Low Value
13317,2.0,160.0,178.0,537.9649999999999,23131.12,Average Value
13319,7.0,179.0,185.0,607.2314285714285,49565.11,High Value
13324,3.0,157.0,180.0,1049.6299999999999,52731.97,High Value
13327,3.0,180.0,185.0,375.7833333333333,18609.95,Average Value
13330,1.0,130.0,135.0,392.4,15270.37,Average Value
13334,1.0,115.0,125.0,1071.4,42748.52,High Value
13362,1.0,42.0,107.0,768.83,26704.83,Average Value
13368,1.0,81.0,157.0,538.0,15601.84,Average Value
13376,1.0,31.0,54.0,344.0,18526.98,Average Value
13381,1.0,91.0,118.0,655.24,25911.01,Average Value
13394,2.0,95.0,129.0,310.78499999999997,16048.28,Average Value
13397,2.0,156.0,159.0,340.275,15671.23,Average Value
13405,1.0,113.0,137.0,397.4,14779.22,Low Value
13408,16.0,183.0,193.0,655.014375,99266.3,High Value
13410,2.0,104.0,111.0,147.4,8270.98,Low Value
13418,5.0,168.0,192.0,543.472,34721.18,High Value
13426,4.0,177.0,179.0,305.425,17893.33,Average Value
13448,2.0,155.0,193.0,489.65000000000003,20034.21,Average Value
13450,1.0,14.0,38.0,437.93999999999994,25567.08,Average Value
13451,2.0,123.0,154.0,625.4449999999999,29243.41,High Value
13452,1.0,11.0,90.0,295.0,9380.28,Low Value
13458,6.0,170.0,179.0,845.7033333333334,63375.38,High Value
13468,19.0,172.0,193.0,170.0563157894737,29888.04,High Value
13475,3.0,107.0,118.0,371.5533333333333,23632.4,Average Value
13477,1.0,80.0,111.0,330.63,13356.67,Low Value
13479,1.0,34.0,54.0,156.6,8642.96,Low Value
13481,1.0,64.0,76.0,313.71000000000004,15656.0,Average Value
13487,1.0,140.0,173.0,215.65,6997.06,Low Value
13488,5.0,171.0,187.0,829.702,53857.25,High Value
13489,1.0,5.0,114.0,158.4,3470.32,Low Value
13491,7.0,125.0,192.0,133.24714285714285,10647.08,Low Value
13493,1.0,12.0,107.0,359.28,9406.56,Low Value
13495,2.0,136.0,188.0,280.74,11700.89,Low Value
13497,1.0,86.0,188.0,194.55,4673.36,Low Value
13499,1.0,44.0,89.0,305.56,12724.83,Low Value
13502,1.0,49.0,143.0,74.56,2048.15,Low Value
13505,1.0,40.0,52.0,746.4,42045.76,High Value
13506,1.0,53.0,189.0,157.4,2868.04,Low Value
13509,2.0,30.0,104.0,220.35,12637.15,Low Value
13520,3.0,187.0,191.0,502.85999999999996,24399.2,Average Value
13523,1.0,167.0,186.0,1802.29,56787.71,High Value
13527,1.0,125.0,146.0,475.19,17185.77,Average Value
13531,1.0,161.0,186.0,178.35,5663.53,Low Value
13533,1.0,85.0,87.0,124.15,6109.95,Low Value
13534,10.0,172.0,178.0,266.988,29048.32,High Value
13538,2.0,132.0,135.0,226.35,11445.81,Low Value
13539,1.0,69.0,129.0,151.55,5200.08,Low Value
13549,2.0,50.0,62.0,164.52499999999998,11734.17,Low Value
13552,2.0,110.0,135.0,773.795,38884.45,High Value
13564,1.0,14.0,188.0,658.38,6651.02,Low Value
13571,3.0,69.0,73.0,120.68,9554.36,Low Value
13576,7.0,186.0,193.0,398.1228571428572,31673.82,High Value
13590,2.0,104.0,123.0,301.485,15967.28,Average Value
13591,1.0,62.0,86.0,314.03,14426.4,Low Value
13592,2.0,59.0,84.0,64.395,4159.71,Low Value
13593,2.0,73.0,156.0,231.55,10763.67,Low Value
13599,4.0,168.0,186.0,413.20500000000004,23627.51,Average Value
13606,1.0,68.0,131.0,180.4,6041.53,Low Value
13610,2.0,98.0,105.0,117.6,6797.85,Low Value
13623,3.0,87.0,117.0,131.97333333333333,8476.66,Low Value
13627,1.0,153.0,177.0,294.73,9572.9,Low Value
13629,3.0,128.0,158.0,742.6666666666666,40301.87,High Value
13630,2.0,101.0,105.0,376.34999999999997,21526.27,Average Value
13631,2.0,66.0,87.0,625.0,38798.33,High Value
13632,1.0,10.0,63.0,351.45000000000005,15172.35,Average Value
13634,1.0,85.0,147.0,263.41,8427.14,Low Value
13636,2.0,33.0,105.0,193.475,11063.56,Low Value
13637,1.0,39.0,46.0,262.25,15670.72,Average Value
13649,1.0,110.0,186.0,148.8,4113.86,Low Value
13650,1.0,60.0,87.0,373.40000000000003,16876.4,Average Value
13652,1.0,112.0,188.0,329.44,8946.93,Low Value
13654,2.0,72.0,93.0,429.95500000000004,25964.87,Average Value
13659,1.0,115.0,140.0,527.8,19324.31,Average Value
13662,1.0,47.0,79.0,305.24,14058.0,Low Value
13668,11.0,175.0,182.0,353.02000000000004,40811.54,High Value
13672,1.0,31.0,152.0,124.26,2545.17,Low Value
13680,1.0,2.0,159.0,1520.1100000000001,17090.08,Average Value
13692,1.0,23.0,56.0,14.95,937.43,Low Value
13694,20.0,190.0,193.0,1519.227,278988.15,High Value
13695,4.0,70.0,79.0,135.695,12038.22,Low Value
13700,3.0,87.0,147.0,262.55,14867.88,Low Value
13707,1.0,48.0,135.0,223.0,6332.63,Low Value
13715,3.0,91.0,192.0,268.8966666666667,12981.18,Low Value
13717,1.0,58.0,118.0,272.54,9550.71,Low Value
13718,1.0,49.0,115.0,192.5,6603.64,Low Value
13719,1.0,29.0,54.0,205.84,11070.33,Low Value
13720,1.0,16.0,74.0,165.9,6730.27,Low Value
13725,5.0,83.0,128.0,160.79000000000002,12982.46,Low Value
13728,2.0,112.0,130.0,167.675,8671.4,Low Value
13731,1.0,27.0,66.0,302.47,14255.93,Low Value
13741,1.0,34.0,37.0,200.17000000000002,12845.37,Low Value
13742,6.0,136.0,140.0,281.14000000000004,24294.19,Average Value
13743,1.0,42.0,79.0,211.44,9577.16,Low Value
13748,2.0,141.0,193.0,188.425,7751.78,Low Value
13750,1.0,40.0,156.0,363.36,7787.28,Low Value
13752,3.0,62.0,66.0,204.64333333333335,16750.49,Average Value
13756,4.0,184.0,187.0,294.75250000000005,16816.24,Average Value
13758,4.0,172.0,193.0,497.2675,27782.22,Average Value
13767,17.0,170.0,193.0,396.08294117647057,63208.06,High Value
13769,4.0,160.0,187.0,281.4275,16054.34,Average Value
13771,1.0,48.0,67.0,593.25,30181.24,High Value
13777,13.0,189.0,193.0,367.0123076923077,46806.25,High Value
13782,1.0,93.0,147.0,169.35999999999999,5638.14,Low Value
13784,5.0,147.0,152.0,182.958,13461.14,Low Value
13798,29.0,192.0,192.0,800.836551724138,205650.37,High Value
13802,1.0,57.0,131.0,2161.32,66764.84,High Value
13811,1.0,56.0,59.0,297.0,16602.36,Average Value
13819,2.0,18.0,139.0,366.025,17851.4,Average Value
13824,2.0,107.0,130.0,395.05000000000007,20299.81,Average Value
13831,2.0,169.0,189.0,344.995,14328.54,Low Value
13837,1.0,106.0,137.0,157.54000000000002,5838.88,Low Value
13842,5.0,167.0,186.0,303.58000000000004,19800.47,Average Value
13846,1.0,118.0,180.0,252.53,7391.2,Low Value
13848,1.0,69.0,186.0,615.0,13135.81,Low Value
13854,15.0,169.0,185.0,323.3426666666667,47650.22,High Value
13856,1.0,20.0,23.0,124.60000000000001,8881.53,Low Value
13862,3.0,145.0,152.0,242.47,13501.44,Low Value
13865,1.0,103.0,109.0,159.22,6980.87,Low Value
13869,2.0,95.0,177.0,630.6700000000001,27112.34,Average Value
13871,4.0,102.0,128.0,484.92,34259.45,High Value
13873,1.0,91.0,129.0,108.95,4114.24,Low Value
13875,2.0,117.0,121.0,363.615,19406.3,Average Value
13880,5.0,181.0,187.0,248.35399999999998,16155.79,Average Value
13881,3.0,98.0,131.0,848.04,51000.77,High Value
13883,1.0,35.0,73.0,762.37,34811.43,High Value
13884,1.0,6.0,103.0,58.1,1547.46,Low Value
13885,1.0,11.0,20.0,107.65,7714.3,Low Value
13900,2.0,79.0,82.0,191.685,12285.13,Low Value
13901,1.0,62.0,138.0,433.9,13131.4,Low Value
13908,1.0,62.0,96.0,335.11,14231.11,Low Value
13911,5.0,111.0,128.0,273.67600000000004,22071.39,Average Value
13941,1.0,75.0,192.0,1023.84,21781.95,Average Value
13946,1.0,66.0,87.0,276.12,12765.71,Low Value
13951,1.0,58.0,114.0,303.49,10976.26,Low Value
13952,1.0,21.0,58.0,1208.31,59112.66,High Value
13953,2.0,142.0,172.0,625.0,27408.71,Average Value
13956,1.0,28.0,91.0,173.95,6482.7,Low Value
13959,1.0,81.0,182.0,122.7,3019.77,Low Value
13963,3.0,59.0,187.0,171.08,8366.6,Low Value
13969,5.0,182.0,185.0,336.174,21996.63,Average Value
13971,2.0,71.0,105.0,320.52,18329.65,Average Value
13975,1.0,61.0,96.0,282.85,11990.54,Low Value
13982,1.0,39.0,185.0,475.2,7497.5,Low Value
13983,5.0,179.0,186.0,270.34000000000003,17639.57,Average Value
13984,2.0,117.0,186.0,281.21500000000003,11787.25,Low Value
13985,2.0,80.0,84.0,386.15,24385.09,Average Value
13988,1.0,54.0,74.0,725.02,35465.3,High Value
13993,3.0,125.0,150.0,389.89000000000004,21824.85,Average Value
13999,3.0,147.0,181.0,314.9066666666667,15807.3,Average Value
14001,1.0,141.0,193.0,1007.9,29027.87,High Value
14006,1.0,71.0,132.0,357.65,11943.54,Low Value
14009,1.0,7.0,25.0,314.7,20529.21,Average Value
14016,2.0,150.0,177.0,1305.445,56196.61,High Value
14021,1.0,45.0,76.0,302.8,14193.32,Low Value
14030,3.0,123.0,186.0,252.84,12484.17,Low Value
14031,9.0,176.0,192.0,687.8122222222222,65868.36,High Value
14032,4.0,160.0,186.0,307.9275,17619.22,Average Value
14035,1.0,30.0,117.0,398.98,11448.07,Low Value
14040,5.0,148.0,151.0,333.27200000000005,24567.78,Average Value
14045,1.0,36.0,193.0,925.3499999999999,12853.54,Low Value
14047,2.0,173.0,192.0,174.5,7214.54,Low Value
14049,1.0,117.0,137.0,2026.6299999999999,75486.78,High Value
14051,9.0,153.0,186.0,578.8955555555556,56526.55,High Value
14056,10.0,100.0,104.0,309.636,44932.7,High Value
14057,5.0,161.0,180.0,350.122,23288.94,Average Value
14060,10.0,189.0,192.0,305.526,31733.05,High Value
14062,4.0,125.0,184.0,967.0025,55541.24,High Value
14064,2.0,63.0,94.0,328.505,19761.82,Average Value
14071,1.0,4.0,84.0,131.41,4194.47,Low Value
14077,2.0,92.0,94.0,96.64500000000001,5897.31,Low Value
14078,4.0,189.0,193.0,172.9175,9695.84,Low Value
14081,1.0,67.0,189.0,511.0,10482.6,Low Value
14083,3.0,172.0,191.0,59.97666666666667,2961.83,Low Value
14085,9.0,170.0,188.0,278.26222222222225,27019.61,Average Value
14088,1.0,132.0,142.0,7809.93,290710.17,High Value
14092,5.0,162.0,178.0,309.364,20723.44,Average Value
14099,4.0,136.0,174.0,234.485,13978.89,Low Value
14101,3.0,129.0,146.0,1135.93,64426.89,High Value
14107,3.0,144.0,184.0,370.6133333333333,18405.57,Average Value
14110,1.0,46.0,86.0,797.26,34167.82,High Value
14112,1.0,72.0,95.0,535.4,23588.44,Average Value
14114,1.0,57.0,150.0,191.39999999999998,5112.46,Low Value
14127,1.0,54.0,130.0,137.6,4309.47,Low Value
14135,7.0,186.0,192.0,279.4585714285714,22317.56,Average Value
14146,1.0,103.0,177.0,662.3,18497.48,Average Value
14156,14.0,185.0,191.0,3170.9392857142857,432331.93,High Value
14159,2.0,175.0,182.0,460.7,19559.78,Average Value
14161,2.0,154.0,189.0,413.68500000000006,17159.93,Average Value
14163,1.0,40.0,59.0,337.92,18002.02,Average Value
14167,1.0,68.0,151.0,110.65,3203.89,Low Value
14176,2.0,70.0,187.0,208.675,8686.32,Low Value
14180,14.0,187.0,192.0,230.84785714285712,31405.81,High Value
14188,1.0,96.0,130.0,362.9,13505.49,Low Value
14189,6.0,168.0,188.0,307.47166666666664,22388.93,Average Value
14191,2.0,36.0,40.0,318.19000000000005,25732.13,Average Value
14194,3.0,112.0,128.0,963.64,58672.55,High Value
14195,1.0,51.0,72.0,183.60000000000002,9174.02,Low Value
14201,3.0,173.0,179.0,114.62,5833.97,Low Value
14209,2.0,119.0,152.0,367.6,17349.35,Average Value
14210,4.0,174.0,191.0,323.675,18219.63,Average Value
14211,4.0,88.0,115.0,191.17249999999999,14302.0,Low Value
14215,3.0,182.0,188.0,310.7566666666667,15248.76,Average Value
14217,7.0,182.0,186.0,124.42142857142858,10156.46,Low Value
14220,1.0,111.0,178.0,319.42,9204.39,Low Value
14221,2.0,149.0,159.0,670.44,30791.22,High Value
14224,1.0,105.0,140.0,251.01999999999998,9028.66,Low Value
14226,1.0,59.0,89.0,726.1,32037.23,High Value
14227,3.0,88.0,104.0,554.2733333333333,37437.56,High Value
14229,1.0,42.0,153.0,305.15999999999997,6893.64,Low Value
14231,2.0,105.0,108.0,308.38,17422.97,Average Value
14232,1.0,78.0,84.0,310.79,15126.24,Average Value
14233,2.0,106.0,137.0,429.125,21431.31,Average Value
14235,1.0,34.0,80.0,414.24,17687.37,Average Value
14239,5.0,116.0,136.0,227.08800000000002,17745.44,Average Value
14242,1.0,91.0,145.0,142.2,4781.98,Low Value
14243,4.0,120.0,185.0,324.9425,18632.35,Average Value
14245,1.0,44.0,83.0,688.35,30021.46,High Value
14256,1.0,104.0,184.0,445.2,11959.54,Low Value
14257,1.0,134.0,138.0,410.45,15806.37,Average Value
14258,4.0,138.0,157.0,1121.9,70825.01,High Value
14273,1.0,25.0,62.0,105.9,5250.07,Low Value
14276,1.0,109.0,109.0,379.2,16588.37,Average Value
14282,4.0,164.0,187.0,309.545,17654.07,Average Value
14289,2.0,90.0,109.0,135.99,7703.5,Low Value
14291,1.0,65.0,95.0,628.58,27054.42,Average Value
14292,1.0,78.0,102.0,662.21,28188.72,Average Value
14293,1.0,63.0,188.0,143.1,2910.8,Low Value
14298,14.0,170.0,180.0,1965.7807142857143,277932.04,High Value
14299,3.0,47.0,185.0,378.90000000000003,18496.81,Average Value
14307,2.0,154.0,193.0,455.93500000000006,18659.34,Average Value
14309,4.0,175.0,178.0,246.2025,14482.9,Low Value
14312,3.0,151.0,157.0,181.67999999999998,9949.08,Low Value
14315,1.0,75.0,86.0,325.8,15515.63,Average Value
14320,1.0,126.0,152.0,125.28,4481.69,Low Value
14329,1.0,56.0,149.0,578.02,15261.61,Average Value
14334,4.0,155.0,178.0,339.52,19947.8,Average Value
14336,2.0,78.0,96.0,289.985,17303.59,Average Value
14341,1.0,103.0,138.0,367.52,13251.34,Low Value
14344,5.0,162.0,188.0,64.61600000000001,4223.93,Low Value
14352,1.0,39.0,93.0,614.02,23840.23,Average Value
14364,2.0,24.0,31.0,721.35,61665.96,High Value
14367,4.0,92.0,96.0,790.59,64198.34,High Value
14377,1.0,71.0,82.0,302.45,14697.16,Low Value
14388,2.0,169.0,192.0,430.195,17674.35,Average Value
14390,2.0,161.0,192.0,406.19,16689.1,Average Value
14395,4.0,150.0,192.0,329.315,18469.36,Average Value
14397,1.0,15.0,33.0,76.8,4935.48,Low Value
14401,2.0,177.0,179.0,366.59000000000003,15738.91,Average Value
14403,1.0,30.0,67.0,185.31,8858.09,Low Value
14404,2.0,110.0,189.0,295.05,12234.49,Low Value
14407,1.0,71.0,96.0,645.5,28112.97,Average Value
14408,2.0,75.0,84.0,365.495,23083.85,Average Value
14409,1.0,50.0,188.0,337.3,5929.4,Low Value
14410,4.0,99.0,125.0,160.0375,11490.31,Low Value
14415,5.0,178.0,180.0,376.82800000000003,25065.26,Average Value
14419,1.0,112.0,184.0,183.46,5153.98,Low Value
14426,1.0,36.0,132.0,794.41,20645.91,Average Value
14428,1.0,86.0,145.0,127.07000000000001,4201.75,Low Value
14440,1.0,49.0,185.0,529.01,9423.24,Low Value
14442,1.0,112.0,136.0,914.24,33950.23,High Value
14443,1.0,58.0,188.0,304.9,5837.34,Low Value
14447,1.0,84.0,100.0,336.03,14818.48,Low Value
14449,1.0,126.0,192.0,191.06,5373.55,Low Value
14450,2.0,140.0,140.0,161.11,8015.16,Low Value
14462,4.0,154.0,159.0,256.605,16129.07,Average Value
14465,1.0,56.0,122.0,461.32,15377.29,Average Value
14466,3.0,185.0,192.0,321.98333333333335,15593.24,Average Value
14472,4.0,168.0,175.0,312.4375,18552.39,Average Value
14475,1.0,118.0,124.0,315.62,12842.93,Low Value
14477,1.0,113.0,117.0,358.0,15031.49,Average Value
14479,1.0,112.0,185.0,141.85,3982.92,Low Value
14496,1.0,62.0,193.0,234.47,4480.76,Low Value
14498,1.0,175.0,181.0,147.02,4914.26,Low Value
14501,1.0,136.0,139.0,184.28,7157.6,Low Value
14502,4.0,79.0,133.0,228.755,15857.66,Average Value
14504,2.0,35.0,98.0,197.74,11685.25,Low Value
14505,4.0,158.0,182.0,535.6025,31017.11,High Value
14506,1.0,86.0,189.0,297.16,7040.34,Low Value
14507,1.0,61.0,96.0,236.46,10049.2,Low Value
14512,1.0,45.0,52.0,148.95999999999998,8682.38,Low Value
14513,1.0,82.0,108.0,298.6,12408.31,Low Value
14514,1.0,130.0,151.0,147.86,5341.48,Low Value
14515,1.0,27.0,38.0,340.25,21015.19,Average Value
14524,2.0,124.0,180.0,251.065,10750.99,Low Value
14525,4.0,176.0,181.0,392.65999999999997,22834.15,Average Value
14527,25.0,185.0,189.0,130.7364,29671.29,High Value
14530,2.0,111.0,116.0,431.28999999999996,23491.85,Average Value
14532,3.0,116.0,172.0,236.75,12260.94,Low Value
14534,8.0,132.0,138.0,188.385,20061.95,Average Value
14541,4.0,105.0,139.0,212.6775,14414.0,Low Value
14543,8.0,182.0,184.0,273.2875,24646.24,Average Value
14546,1.0,47.0,68.0,313.59000000000003,15852.7,Average Value
14553,1.0,121.0,159.0,110.38,3761.32,Low Value
14560,8.0,161.0,177.0,102.97874999999999,9533.17,Low Value
14562,3.0,121.0,124.0,289.5466666666667,17977.71,Average Value
14565,1.0,156.0,181.0,660.14,20983.61,Average Value
14572,2.0,70.0,144.0,371.15000000000003,18002.68,Average Value
14573,6.0,190.0,192.0,187.26,13478.48,Low Value
14577,1.0,130.0,182.0,121.11,3693.1,Low Value
14583,1.0,20.0,25.0,139.82,9736.87,Low Value
14584,2.0,15.0,18.0,304.21500000000003,28605.19,Average Value
14587,7.0,147.0,151.0,178.95428571428573,16490.48,Average Value
14606,46.0,190.0,193.0,149.5154347826087,58726.74,High Value
14616,2.0,75.0,137.0,84.24000000000001,4273.06,Low Value
14620,1.0,78.0,103.0,177.43,7612.27,Low Value
14621,1.0,171.0,178.0,330.61,10995.01,Low Value
14623,1.0,49.0,55.0,200.5,11446.35,Low Value
14625,1.0,165.0,181.0,314.1,10205.49,Low Value
14631,1.0,63.0,118.0,320.58,11501.51,Low Value
14639,1.0,70.0,181.0,558.59,12536.54,Low Value
14646,19.0,163.0,174.0,6080.103157894737,1137116.73,High Value
14657,1.0,44.0,146.0,108.32000000000001,2727.77,Low Value
14659,4.0,128.0,135.0,197.1475,13583.64,Low Value
14662,2.0,82.0,136.0,211.905,10658.73,Low Value
14665,1.0,14.0,130.0,337.26,6884.36,Low Value
14667,9.0,154.0,188.0,382.47222222222223,37115.11,High Value
14669,1.0,91.0,152.0,427.54,13474.83,Low Value
14672,1.0,102.0,156.0,480.27,15349.99,Average Value
14676,2.0,76.0,103.0,296.1,17100.05,Average Value
14680,8.0,173.0,191.0,1606.625,141392.32,High Value
14682,1.0,14.0,21.0,31.200000000000003,2417.19,Low Value
14684,1.0,147.0,182.0,350.9,10948.94,Low Value
14688,9.0,175.0,193.0,260.3,24871.14,Average Value
14692,2.0,87.0,142.0,110.35,5465.24,Low Value
14696,3.0,186.0,193.0,292.25666666666666,14113.49,Low Value
14700,1.0,49.0,58.0,836.05,45914.85,High Value
14701,4.0,69.0,136.0,338.57500000000005,23142.98,Average Value
14702,5.0,84.0,185.0,180.69,11784.82,Low Value
14709,4.0,171.0,178.0,407.235,23919.67,Average Value
14711,5.0,77.0,82.0,280.694,27857.95,Average Value
14713,6.0,179.0,185.0,191.78166666666667,14121.84,Low Value
14715,1.0,33.0,151.0,109.5,2332.03,Low Value
14723,1.0,13.0,191.0,220.06,2125.51,Low Value
14730,2.0,44.0,96.0,139.215,8346.52,Low Value
14731,1.0,7.0,32.0,123.35999999999999,7571.05,Low Value
14732,3.0,153.0,159.0,360.0333333333333,19508.5,Average Value
14733,7.0,163.0,187.0,868.222857142857,70373.6,High Value
14735,8.0,162.0,178.0,287.90125,26486.29,Average Value
14738,3.0,117.0,136.0,106.97333333333334,6371.56,Low Value
14739,2.0,148.0,187.0,296.87,12415.2,Low Value
14740,2.0,86.0,103.0,463.555,26720.88,Average Value
14741,1.0,11.0,192.0,310.8,2831.64,Low Value
14744,3.0,69.0,186.0,234.34333333333333,11509.56,Low Value
14745,1.0,101.0,105.0,341.07,15094.58,Average Value
14748,1.0,156.0,188.0,300.71,9285.81,Low Value
14755,3.0,127.0,154.0,458.01666666666665,25248.17,Average Value
14758,2.0,54.0,79.0,276.09499999999997,17899.12,Average Value
14766,2.0,153.0,186.0,492.905,20634.36,Average Value
14769,3.0,156.0,177.0,1830.1133333333335,92835.05,High Value
14770,1.0,91.0,143.0,597.8199999999999,19988.33,Average Value
14776,2.0,94.0,132.0,258.12,13182.29,Low Value
14779,2.0,43.0,143.0,61.8,3069.29,Low Value
14794,3.0,131.0,154.0,166.8133333333333,9239.1,Low Value
14796,8.0,149.0,186.0,350.9425,31416.69,High Value
14800,6.0,178.0,189.0,473.03666666666663,34311.32,High Value
14803,1.0,17.0,112.0,188.64,5007.96,Low Value
14810,7.0,171.0,189.0,156.8942857142857,12669.52,Low Value
14817,1.0,77.0,97.0,479.55,21139.05,Average Value
14825,4.0,164.0,188.0,210.4425,11979.27,Low Value
14828,2.0,140.0,156.0,778.8800000000001,36145.31,High Value
14829,2.0,188.0,192.0,147.33,6104.55,Low Value
14841,2.0,84.0,178.0,693.345,29659.44,High Value
14842,1.0,117.0,128.0,1378.48,54196.87,High Value
14849,5.0,160.0,193.0,411.41400000000004,26207.82,Average Value
14854,2.0,47.0,94.0,364.52500000000003,21893.08,Average Value
14867,2.0,151.0,156.0,204.76999999999998,9567.55,Low Value
14871,1.0,105.0,180.0,108.2,3072.83,Low Value
14878,4.0,178.0,178.0,160.19,9442.22,Low Value
14880,1.0,103.0,108.0,234.07,10252.87,Low Value
14895,3.0,108.0,110.0,794.4733333333334,52223.59,High Value
14896,1.0,161.0,185.0,211.55,6729.96,Low Value
14898,3.0,131.0,191.0,170.80999999999997,8317.75,Low Value
14901,2.0,12.0,192.0,146.45,5759.32,Low Value
14903,2.0,78.0,98.0,633.5250000000001,37321.82,High Value
14907,1.0,7.0,187.0,342.62,3038.84,Low Value
14911,48.0,190.0,193.0,789.7908333333334,322778.6,High Value
14913,2.0,176.0,179.0,308.14,13241.76,Low Value
14944,2.0,110.0,116.0,538.87,29326.11,High Value
14952,4.0,158.0,184.0,712.1125,40947.03,High Value
14958,1.0,60.0,65.0,181.63,9851.61,Low Value
14959,1.0,81.0,116.0,243.72,9571.81,Low Value
14961,3.0,128.0,180.0,665.6533333333333,33441.78,High Value
14970,1.0,64.0,136.0,444.75,13842.02,Low Value
14976,2.0,130.0,146.0,147.155,7159.58,Low Value
14978,3.0,95.0,150.0,409.00666666666666,22870.43,Average Value
14985,1.0,160.0,178.0,172.24,5686.12,Low Value
15002,2.0,71.0,187.0,257.97,10722.73,Low Value
15005,12.0,179.0,186.0,227.24333333333334,27799.98,Average Value
15018,1.0,115.0,187.0,180.09,5025.05,Low Value
15021,2.0,148.0,186.0,239.72500000000002,10073.42,Low Value
15023,3.0,151.0,189.0,792.7433333333333,38661.89,High Value
15024,1.0,71.0,187.0,196.87,4291.09,Low Value
15026,1.0,37.0,97.0,121.80000000000001,4605.59,Low Value
15027,1.0,19.0,58.0,312.72,15248.23,Average Value
15032,1.0,110.0,186.0,2188.5,59146.41,High Value
15033,2.0,121.0,149.0,297.885,14236.0,Low Value
15034,3.0,121.0,173.0,607.3100000000001,31249.85,High Value
15038,3.0,182.0,189.0,130.34,6409.47,Low Value
15039,23.0,184.0,188.0,586.1426086956523,123774.86,High Value
15044,8.0,155.0,182.0,458.6725,41603.46,High Value
15046,7.0,144.0,158.0,257.93,23141.66,Average Value
15048,1.0,148.0,188.0,157.75,4840.59,Low Value
15057,1.0,40.0,135.0,358.5,9448.81,Low Value
15058,3.0,129.0,132.0,237.33,14276.47,Low Value
15059,3.0,119.0,154.0,128.74666666666667,7144.29,Low Value
15061,16.0,188.0,192.0,1367.08,207817.48,High Value
15062,2.0,142.0,179.0,302.48,12989.93,Low Value
15065,1.0,64.0,111.0,632.74,23966.12,Average Value
15073,1.0,1.0,6.0,430.98,33948.16,High Value
15078,8.0,178.0,188.0,463.62624999999997,41234.07,High Value
15079,2.0,153.0,185.0,376.83,15845.77,Average Value
15081,1.0,159.0,187.0,136.9,4335.72,Low Value
15092,1.0,68.0,103.0,134.65,5628.43,Low Value
15093,3.0,166.0,192.0,924.3166666666666,44642.15,High Value
15100,2.0,40.0,193.0,262.79999999999995,10569.52,Low Value
15104,1.0,86.0,102.0,652.8,28385.86,Average Value
15106,1.0,58.0,89.0,367.75,16246.15,Average Value
15107,5.0,61.0,192.0,40.7,2602.65,Low Value
15108,1.0,40.0,47.0,387.05,22887.91,Average Value
15114,3.0,119.0,121.0,256.06666666666666,16107.97,Average Value
15122,1.0,93.0,117.0,533.57,21381.36,Average Value
15125,2.0,63.0,90.0,1734.92,105917.28,High Value
15129,3.0,81.0,111.0,254.99333333333334,16733.29,Average Value
15132,1.0,63.0,82.0,176.1,8445.6,Low Value
15133,1.0,44.0,121.0,324.7,10117.37,Low Value
15134,1.0,27.0,60.0,129.35,6570.41,Low Value
15139,1.0,97.0,156.0,56.86,1885.3,Low Value
15140,2.0,66.0,84.0,340.65,21516.21,Average Value
15144,3.0,95.0,132.0,438.90000000000003,26321.81,Average Value
15145,1.0,21.0,68.0,301.8,13431.94,Low Value
15150,1.0,83.0,89.0,816.8199999999999,38523.9,High Value
15159,7.0,177.0,181.0,544.9842857142858,45085.13,High Value
15164,1.0,131.0,159.0,194.79,6703.54,Low Value
15172,1.0,40.0,56.0,179.8,9928.52,Low Value
15179,2.0,86.0,139.0,84.75,4267.83,Low Value
15189,15.0,148.0,152.0,340.782,56371.12,High Value
15192,1.0,174.0,185.0,422.99,13632.13,Low Value
15194,8.0,170.0,188.0,406.8775,36189.53,High Value
15197,1.0,106.0,178.0,216.75,6158.59,Low Value
15199,1.0,73.0,128.0,304.04999999999995,10582.26,Low Value
15201,1.0,43.0,67.0,300.79,15124.04,Average Value
15203,1.0,113.0,131.0,480.96,18515.2,Average Value
15213,1.0,11.0,149.0,15.149999999999999,286.73,Low Value
15214,1.0,59.0,62.0,136.7,7622.43,Low Value
15218,2.0,101.0,138.0,587.8,29200.62,High Value
15220,2.0,77.0,100.0,271.03999999999996,15880.06,Average Value
15223,1.0,24.0,69.0,454.9,20353.77,Average Value
15224,1.0,4.0,182.0,310.48,2742.58,Low Value
15227,2.0,102.0,137.0,279.29499999999996,13978.28,Low Value
15230,1.0,1.0,60.0,59.400000000000006,2565.6,Low Value
15235,9.0,156.0,193.0,240.89000000000001,23012.86,Average Value
15237,1.0,24.0,47.0,154.73,8764.3,Low Value
15240,2.0,120.0,131.0,366.24,18756.59,Average Value
15241,3.0,100.0,103.0,223.34333333333336,15206.56,Average Value
15245,1.0,74.0,81.0,486.24,23863.03,Average Value
15246,1.0,120.0,178.0,328.15000000000003,9752.55,Low Value
15249,4.0,60.0,76.0,459.8875,41229.78,High Value
15251,1.0,31.0,61.0,1249.7,62520.63,High Value
15260,3.0,186.0,192.0,283.32666666666665,13728.38,Low Value
15270,2.0,72.0,130.0,315.525,16203.13,Average Value
15271,4.0,161.0,185.0,155.965,8979.79,Low Value
15281,5.0,136.0,153.0,229.398,16799.99,Average Value
15288,2.0,165.0,185.0,729.175,30599.03,High Value
15290,7.0,156.0,179.0,258.9957142857143,21589.84,Average Value
15291,8.0,193.0,193.0,325.90125,28532.04,Average Value
15296,2.0,143.0,146.0,439.13,21195.72,Average Value
15298,4.0,179.0,186.0,344.9,19732.53,Average Value
15299,1.0,109.0,192.0,600.0,15608.9,Average Value
15301,4.0,181.0,188.0,525.635,29848.7,High Value
15304,4.0,150.0,188.0,64.6125,3713.27,Low Value
15311,43.0,188.0,193.0,773.863488372093,285160.82,High Value
15312,1.0,139.0,174.0,318.15999999999997,10189.05,Low Value
15332,1.0,3.0,189.0,63.0,520.75,Low Value
15353,1.0,113.0,187.0,465.37,12727.47,Low Value
15356,4.0,150.0,188.0,262.8975,14948.92,Average Value
15358,6.0,158.0,185.0,623.0866666666667,45770.57,High Value
15367,1.0,30.0,95.0,651.6,23324.23,Average Value
15370,2.0,129.0,152.0,471.87,22252.86,Average Value
15373,5.0,161.0,191.0,171.49,11022.92,Low Value
15379,5.0,172.0,178.0,416.206,27865.95,Average Value
15381,1.0,55.0,88.0,314.55,13872.91,Low Value
15382,2.0,111.0,115.0,553.85,30269.46,High Value
15394,1.0,154.0,178.0,848.78,27258.65,Average Value
15400,1.0,94.0,98.0,112.7,5259.61,Low Value
15407,2.0,122.0,125.0,287.865,15130.43,Average Value
15410,3.0,58.0,81.0,472.7633333333333,35636.98,High Value
15416,1.0,43.0,102.0,899.19,32883.11,High Value
15421,1.0,95.0,130.0,444.3,16456.17,Average Value
15426,1.0,112.0,189.0,251.56,6812.17,Low Value
15433,1.0,54.0,87.0,160.66,7194.6,Low Value
15449,1.0,76.0,81.0,301.78,14944.88,Low Value
15456,1.0,76.0,179.0,204.0,4913.48,Low Value
15465,12.0,189.0,189.0,401.3966666666666,48597.99,High Value
15482,1.0,108.0,178.0,713.8,20206.47,Average Value
15485,1.0,37.0,193.0,328.54,4662.77,Low Value
15491,1.0,17.0,55.0,622.47,30764.68,High Value
15493,1.0,21.0,90.0,412.49,14478.16,Low Value
15498,8.0,177.0,186.0,770.76625,68975.4,High Value
15502,2.0,94.0,189.0,951.88,39241.71,High Value
15508,3.0,46.0,55.0,229.61666666666667,19978.08,Average Value
15513,8.0,174.0,193.0,714.0575,62458.31,High Value
15514,3.0,139.0,184.0,327.9166666666667,16290.12,Average Value
15518,2.0,117.0,152.0,299.405,14145.81,Low Value
15521,2.0,42.0,74.0,596.0450000000001,39492.26,High Value
15527,3.0,172.0,174.0,308.63,15872.56,Average Value
15529,6.0,156.0,186.0,272.3333333333333,19963.5,Average Value
15535,1.0,91.0,147.0,118.85,3962.09,Low Value
15544,3.0,161.0,192.0,468.31,22645.44,Average Value
15547,5.0,168.0,182.0,327.43199999999996,21638.54,Average Value
15555,5.0,179.0,189.0,316.764,20457.88,Average Value
15563,1.0,158.0,178.0,465.43,15110.22,Average Value
15570,7.0,163.0,189.0,286.82428571428574,23124.57,Average Value
15572,1.0,30.0,98.0,430.13,14981.59,Average Value
15574,1.0,14.0,192.0,214.5,2090.38,Low Value
15581,6.0,140.0,186.0,60.43666666666667,4463.74,Low Value
15589,1.0,55.0,130.0,293.58,9127.39,Low Value
15596,3.0,151.0,185.0,329.1233333333333,16299.96,Average Value
15601,8.0,169.0,192.0,497.52625,43669.29,High Value
15602,4.0,168.0,188.0,112.6,6434.19,Low Value
15605,2.0,121.0,193.0,247.665,10155.06,Low Value
15606,5.0,102.0,144.0,304.15,23010.8,Average Value
15611,3.0,143.0,154.0,109.28333333333335,6077.1,Low Value
15615,8.0,176.0,179.0,517.5962499999999,47428.16,High Value
15620,1.0,138.0,178.0,450.52,14036.64,Low Value
15622,2.0,85.0,102.0,1013.0,58533.0,High Value
15624,1.0,50.0,76.0,127.5,6194.31,Low Value
15628,2.0,184.0,186.0,342.97,14390.27,Low Value
15632,3.0,92.0,94.0,387.3433333333333,27431.61,Average Value
15640,7.0,187.0,192.0,920.9285714285714,73449.77,High Value
15641,2.0,99.0,179.0,498.505,21307.45,Average Value
15643,1.0,91.0,102.0,326.9,14460.68,Low Value
15644,1.0,5.0,81.0,184.57,6147.99,Low Value
15646,1.0,126.0,192.0,150.24,4247.15,Low Value
15648,1.0,63.0,87.0,340.5,15557.83,Average Value
15649,1.0,31.0,187.0,306.0,4237.64,Low Value
15656,1.0,64.0,104.0,63.910000000000004,2687.97,Low Value
15658,4.0,182.0,192.0,179.47500000000002,10093.59,Low Value
15660,2.0,161.0,185.0,264.86,11162.52,Low Value
15661,1.0,21.0,158.0,193.8,3193.97,Low Value
15671,2.0,28.0,90.0,338.47,20688.8,Average Value
15673,1.0,113.0,147.0,815.78,28427.1,Average Value
15674,2.0,39.0,74.0,344.915,22899.5,Average Value
15681,1.0,97.0,100.0,357.53999999999996,16207.45,Average Value
15687,4.0,144.0,150.0,331.4875,21519.11,Average Value
15694,6.0,185.0,192.0,446.7166666666667,32091.62,High Value
15696,5.0,106.0,146.0,228.89000000000001,17200.34,Average Value
15704,1.0,28.0,35.0,568.47,36095.49,High Value
15708,4.0,147.0,189.0,429.405,24302.49,Average Value
15712,1.0,104.0,107.0,158.85,7066.29,Low Value
15716,2.0,168.0,189.0,177.67,7415.75,Low Value
15719,6.0,138.0,157.0,332.98833333333334,26980.06,Average Value
15722,1.0,103.0,110.0,446.6,19175.64,Average Value
15724,1.0,83.0,104.0,114.60000000000001,5005.91,Low Value
15727,3.0,161.0,179.0,571.34,28830.3,High Value
15732,1.0,160.0,192.0,156.02,4812.85,Low Value
15737,2.0,56.0,62.0,126.925,9083.9,Low Value
15738,8.0,189.0,192.0,324.92625,28538.25,Average Value
15750,1.0,83.0,186.0,272.05,6474.97,Low Value
15752,2.0,123.0,192.0,392.765,16115.44,Average Value
15755,1.0,59.0,114.0,306.05,11124.06,Low Value
15756,1.0,36.0,69.0,125.53,6122.27,Low Value
15759,2.0,140.0,178.0,77.9,3415.01,Low Value
15764,1.0,92.0,96.0,573.59,26332.27,Average Value
15768,1.0,22.0,45.0,124.8,7186.76,Low Value
15769,11.0,174.0,191.0,2527.0836363636367,283375.22,High Value
15777,2.0,120.0,181.0,340.78,14512.48,Low Value
15780,2.0,174.0,177.0,149.065,6490.08,Low Value
15785,1.0,98.0,115.0,401.82,16551.4,Average Value
15796,3.0,115.0,122.0,301.6666666666667,18882.43,Average Value
15797,1.0,90.0,124.0,330.0,12567.59,Low Value
15799,1.0,149.0,154.0,161.02,5908.92,Low Value
15805,5.0,179.0,184.0,466.724,30620.96,High Value
15808,3.0,63.0,189.0,904.5066666666668,43731.43,High Value
15809,3.0,118.0,122.0,66.80333333333333,4241.08,Low Value
15810,1.0,64.0,116.0,476.8,17396.84,Average Value
15811,3.0,160.0,185.0,334.99666666666667,16592.42,Average Value
15812,2.0,128.0,137.0,404.71000000000004,20229.67,Average Value
15813,1.0,32.0,59.0,533.26,27416.42,Average Value
15815,2.0,47.0,79.0,483.53999999999996,31246.79,High Value
15819,1.0,77.0,96.0,537.5,23843.74,Average Value
15827,7.0,189.0,192.0,132.1057142857143,10572.21,Low Value
15835,1.0,70.0,150.0,187.2,5457.4,Low Value
15838,6.0,177.0,187.0,1208.5633333333333,88168.94,High Value
15841,1.0,120.0,158.0,281.66,9440.61,Low Value
15845,2.0,127.0,157.0,616.9,28531.1,Average Value
15852,1.0,11.0,17.0,57.5,4378.62,Low Value
15854,5.0,157.0,181.0,270.858,17966.19,Average Value
15855,3.0,80.0,83.0,126.29666666666667,9496.29,Low Value
15856,8.0,183.0,185.0,762.82375,68493.53,High Value
15858,1.0,78.0,187.0,432.29,9825.98,Low Value
15860,2.0,136.0,188.0,158.8,6651.63,Low Value
15862,1.0,169.0,193.0,136.78,4283.63,Low Value
15867,9.0,186.0,189.0,215.93,20909.81,Average Value
15874,3.0,67.0,104.0,526.15,35520.37,High Value
15881,2.0,52.0,184.0,193.47000000000003,8100.64,Low Value
15882,1.0,170.0,188.0,145.04,4654.33,Low Value
15894,1.0,116.0,189.0,106.81,2995.51,Low Value
15898,3.0,142.0,188.0,206.76666666666665,10159.23,Low Value
15903,1.0,68.0,115.0,480.36,17976.94,Average Value
15906,1.0,36.0,75.0,271.83,12352.15,Low Value
15910,3.0,109.0,136.0,133.70666666666668,7944.55,Low Value
15916,3.0,175.0,186.0,205.36,10163.24,Low Value
15918,1.0,81.0,91.0,192.23,9031.03,Low Value
15932,3.0,75.0,109.0,318.50666666666666,21062.67,Average Value
15938,3.0,122.0,143.0,86.8,5044.21,Low Value
15939,7.0,135.0,151.0,552.8985714285715,50843.02,High Value
15953,3.0,158.0,189.0,205.4333333333333,10064.5,Low Value
15955,2.0,169.0,192.0,436.62,17937.2,Average Value
15971,3.0,69.0,131.0,106.39999999999999,6454.44,Low Value
15974,3.0,104.0,108.0,428.5366666666667,28455.65,Average Value
15981,3.0,101.0,131.0,450.73333333333335,27143.56,Average Value
15983,2.0,13.0,193.0,353.69,13778.54,Low Value
15984,4.0,135.0,188.0,164.845,9389.46,Low Value
15987,2.0,169.0,188.0,201.3,8419.75,Low Value
15996,2.0,103.0,186.0,196.01,8230.41,Low Value
15998,1.0,100.0,182.0,918.83,24459.51,Average Value
16005,1.0,88.0,90.0,120.49,5849.55,Low Value
16007,1.0,35.0,35.0,363.7,23639.64,Average Value
16010,2.0,117.0,182.0,148.7,6353.77,Low Value
16011,6.0,182.0,186.0,165.07666666666668,12121.77,Low Value
16013,14.0,187.0,191.0,838.5228571428571,114353.35,High Value
16016,2.0,170.0,186.0,217.65,9157.9,Low Value
16019,5.0,132.0,184.0,454.08000000000004,29770.38,High Value
16023,1.0,74.0,86.0,322.85,15339.15,Average Value
16027,2.0,84.0,122.0,98.075,5277.6,Low Value
16029,20.0,191.0,193.0,1245.0695,228649.47,High Value
16033,8.0,169.0,189.0,390.25374999999997,34598.7,High Value
16034,2.0,136.0,152.0,142.05,6760.43,Low Value
16037,2.0,89.0,178.0,277.28,11915.56,Low Value
16043,2.0,106.0,137.0,184.32,9257.4,Low Value
16045,1.0,45.0,110.0,196.8,6877.96,Low Value
16057,1.0,73.0,104.0,375.56,15582.29,Average Value
16059,2.0,113.0,187.0,264.725,11060.61,Low Value
16062,1.0,123.0,184.0,330.62,9573.76,Low Value
16081,2.0,181.0,186.0,417.385,17495.1,Average Value
16085,1.0,84.0,140.0,143.69,4865.65,Low Value
16086,2.0,167.0,187.0,204.9,8596.9,Low Value
16092,1.0,57.0,74.0,282.86,14076.31,Low Value
16098,3.0,188.0,193.0,263.87333333333333,12748.79,Low Value
16103,2.0,47.0,53.0,300.4,22447.51,Average Value
16109,1.0,90.0,128.0,296.88,11018.76,Low Value
16110,1.0,49.0,131.0,284.23,8404.3,Low Value
16112,1.0,5.0,158.0,64.14,821.34,Low Value
16115,2.0,80.0,112.0,186.035,10358.38,Low Value
16122,1.0,34.0,186.0,144.12,2137.04,Low Value
16126,1.0,112.0,116.0,952.65,39914.6,High Value
16131,1.0,32.0,59.0,608.16,31240.89,High Value
16133,9.0,133.0,138.0,718.6288888888889,83364.86,High Value
16143,3.0,157.0,189.0,406.14000000000004,19838.79,Average Value
16145,3.0,133.0,179.0,337.8333333333333,17063.01,Average Value
16146,1.0,29.0,52.0,273.44,14924.39,Low Value
16150,1.0,102.0,192.0,571.06,14386.95,Low Value
16153,2.0,169.0,174.0,242.54500000000002,10618.29,Low Value
16156,2.0,104.0,130.0,378.365,19444.53,Average Value
16161,9.0,170.0,188.0,235.9888888888889,22920.83,Average Value
16163,1.0,133.0,185.0,415.00000000000006,12286.14,Low Value
16168,9.0,183.0,189.0,124.39,12061.97,Low Value
16170,2.0,65.0,68.0,314.42499999999995,21591.89,Average Value
16175,1.0,36.0,60.0,194.12,10175.93,Low Value
16180,2.0,42.0,72.0,1165.775,77947.18,High Value
16182,1.0,91.0,114.0,1692.0,68483.41,High Value
16184,1.0,29.0,31.0,299.67,19937.35,Average Value
16186,3.0,183.0,192.0,346.5566666666667,16778.44,Average Value
16187,3.0,81.0,104.0,629.58,42506.09,High Value
16188,1.0,16.0,62.0,414.12,18915.01,Average Value
16191,4.0,98.0,180.0,497.02,28917.18,High Value
16203,1.0,145.0,192.0,147.6,4409.54,Low Value
16206,1.0,119.0,147.0,127.45,4616.8,Low Value
16209,1.0,60.0,66.0,262.11,14020.31,Low Value
16210,6.0,160.0,193.0,1351.4116666666666,96656.11,High Value
16214,1.0,17.0,89.0,206.7,7126.2,Low Value
16217,1.0,47.0,102.0,121.25000000000001,4658.73,Low Value
16218,2.0,167.0,193.0,628.73,25711.62,Average Value
16221,1.0,92.0,187.0,148.63,3745.96,Low Value
16224,1.0,9.0,69.0,375.74,14977.25,Average Value
16226,2.0,32.0,55.0,62.160000000000004,4694.61,Low Value
16230,1.0,31.0,40.0,266.1,16389.25,Average Value
16233,1.0,37.0,186.0,179.10000000000002,2757.03,Low Value
16235,2.0,146.0,152.0,278.31,13165.26,Low Value
16241,3.0,157.0,189.0,185.43666666666664,9090.47,Low Value
16242,1.0,63.0,97.0,181.54,7748.5,Low Value
16244,1.0,161.0,192.0,466.12,14186.52,Low Value
16249,1.0,38.0,59.0,205.7,10953.91,Low Value
16250,1.0,112.0,193.0,163.3,4345.44,Low Value
16255,3.0,119.0,185.0,229.14000000000001,11355.42,Low Value
16265,3.0,104.0,184.0,661.4433333333333,32746.82,High Value
16266,1.0,6.0,26.0,113.55,7437.41,Low Value
16293,2.0,160.0,187.0,375.495,15688.36,Average Value
16306,5.0,154.0,187.0,112.83399999999999,7363.83,Low Value
16308,1.0,44.0,81.0,640.0,28417.6,Average Value
16316,3.0,152.0,178.0,506.9633333333333,25672.14,Average Value
16321,1.0,18.0,143.0,135.9,2565.43,Low Value
16326,2.0,120.0,154.0,134.24,6343.17,Low Value
16327,3.0,170.0,189.0,644.68,31462.23,High Value
16333,7.0,117.0,129.0,1728.24,172998.87,High Value
16348,1.0,49.0,60.0,127.62,7060.4,Low Value
16353,9.0,152.0,189.0,216.8088888888889,20986.27,Average Value
16356,2.0,80.0,97.0,54.885,3347.78,Low Value
16359,4.0,117.0,151.0,230.965,14949.43,Average Value
16365,2.0,114.0,187.0,174.75,7327.74,Low Value
16370,1.0,43.0,45.0,271.04,16507.85,Average Value
16378,2.0,63.0,130.0,109.375,5673.26,Low Value
16389,1.0,78.0,103.0,550.52,23294.18,Average Value
16393,5.0,184.0,189.0,157.608,10203.12,Low Value
16394,1.0,41.0,109.0,306.89,10466.64,Low Value
16395,1.0,7.0,150.0,149.42000000000002,2137.78,Low Value
16401,4.0,117.0,147.0,293.4975,19269.29,Average Value
16402,1.0,105.0,189.0,87.8,2369.12,Low Value
16405,1.0,8.0,130.0,160.4,3008.74,Low Value
16407,4.0,118.0,132.0,132.875,9285.27,Low Value
16409,1.0,75.0,137.0,532.0,17377.18,Average Value
16419,1.0,36.0,131.0,264.27,7001.38,Low Value
16422,25.0,184.0,189.0,704.9860000000001,159852.92,High Value
16427,1.0,21.0,104.0,131.26,4026.79,Low Value
16431,1.0,84.0,117.0,298.88,11736.05,Low Value
16434,2.0,107.0,119.0,161.60999999999999,8751.17,Low Value
16442,1.0,133.0,180.0,285.37,8723.34,Low Value
16444,1.0,70.0,84.0,121.0,5883.02,Low Value
16449,1.0,83.0,100.0,291.0,12822.18,Low Value
16455,3.0,167.0,191.0,250.82666666666668,12197.09,Low Value
16456,2.0,146.0,193.0,394.605,16155.17,Average Value
16458,6.0,173.0,180.0,185.29999999999998,13875.26,Low Value
16462,1.0,98.0,103.0,34.0,1661.2,Low Value
16466,2.0,112.0,112.0,205.58499999999998,11447.31,Low Value
16470,1.0,166.0,178.0,129.32,4341.37,Low Value
16473,1.0,49.0,156.0,68.4,1673.98,Low Value
16477,4.0,157.0,191.0,331.71500000000003,18666.64,Average Value
16493,1.0,44.0,149.0,240.0,5767.25,Low Value
16496,1.0,109.0,136.0,448.34,16598.76,Average Value
16497,3.0,130.0,153.0,423.8,23455.11,Average Value
16499,1.0,4.0,184.0,147.35,1285.67,Low Value
16503,2.0,146.0,180.0,302.65,12954.75,Low Value
16515,1.0,65.0,131.0,301.82,9870.97,Low Value
16520,2.0,179.0,185.0,360.405,15166.9,Average Value
16523,5.0,116.0,135.0,418.34,32772.02,High Value
16525,15.0,182.0,186.0,518.378,76125.82,High Value
16531,2.0,66.0,180.0,196.005,8356.12,Low Value
16539,2.0,154.0,193.0,305.63,12532.73,Low Value
16546,1.0,82.0,192.0,487.75,10956.2,Low Value
16550,2.0,183.0,188.0,435.83500000000004,18145.54,Average Value
16552,1.0,131.0,193.0,284.44000000000005,8032.8,Low Value
16553,4.0,155.0,180.0,780.435,45474.11,High Value
16554,1.0,109.0,151.0,313.26,10610.71,Low Value
16556,3.0,159.0,180.0,442.6566666666667,22274.68,Average Value
16558,9.0,174.0,186.0,320.1311111111111,31285.55,High Value
16566,1.0,100.0,112.0,185.22000000000003,7894.71,Low Value
16567,1.0,142.0,156.0,308.03999999999996,10938.46,Low Value
16570,2.0,106.0,131.0,511.5849999999999,26153.06,Average Value
16592,3.0,104.0,107.0,355.2333333333333,23707.47,Average Value
16593,1.0,138.0,147.0,185.9,6934.17,Low Value
16600,1.0,85.0,158.0,111.6,3362.62,Low Value
16607,6.0,151.0,178.0,218.70666666666668,16475.89,Average Value
16609,2.0,55.0,72.0,715.0450000000001,47888.54,High Value
16612,1.0,125.0,131.0,428.85,16912.56,Average Value
16618,2.0,112.0,142.0,356.56500000000005,17480.63,Average Value
16621,1.0,62.0,97.0,327.85,13817.63,Low Value
16626,1.0,82.0,86.0,596.13,28693.51,Average Value
16628,1.0,16.0,54.0,352.26,17566.05,Average Value
16633,1.0,54.0,54.0,255.8,14846.71,Low Value
16634,1.0,150.0,192.0,53.1,1674.84,Low Value
16638,5.0,111.0,188.0,232.208,15030.0,Average Value
16639,1.0,29.0,55.0,162.95000000000002,8720.35,Low Value
16652,2.0,61.0,93.0,733.23,44179.61,High Value
16654,2.0,181.0,188.0,154.925,6499.02,Low Value
16655,1.0,146.0,151.0,418.45,15312.84,Average Value
16656,5.0,172.0,184.0,625.744,41035.34,High Value
16660,1.0,109.0,139.0,101.76,3801.03,Low Value
16668,2.0,102.0,104.0,72.99,4278.54,Low Value
16670,4.0,111.0,178.0,386.15250000000003,22652.54,Average Value
16672,8.0,82.0,86.0,372.3625,49726.61,High Value
16676,2.0,124.0,157.0,316.84000000000003,14693.37,Low Value
16678,4.0,85.0,102.0,238.6175,18893.99,Average Value
16681,2.0,48.0,73.0,287.12,19194.47,Average Value
16684,7.0,153.0,178.0,3476.6685714285713,290242.94,High Value
16686,3.0,161.0,175.0,288.19666666666666,14773.19,Low Value
16692,1.0,33.0,109.0,1117.5,35532.83,High Value
16696,2.0,45.0,68.0,261.75,17982.4,Average Value
16698,1.0,27.0,73.0,816.0,35609.77,High Value
16700,6.0,165.0,186.0,435.215,31880.5,High Value
16701,5.0,172.0,181.0,344.306,22828.35,Average Value
16705,3.0,151.0,178.0,1825.5900000000001,92283.63,High Value
16709,2.0,82.0,101.0,432.03,25137.04,Average Value
16710,5.0,161.0,188.0,252.43400000000003,16363.27,Average Value
16711,1.0,55.0,177.0,384.6,7874.21,Low Value
16712,2.0,64.0,96.0,416.79999999999995,24808.36,Average Value
16713,7.0,131.0,186.0,313.88571428571424,25533.81,Average Value
16716,1.0,45.0,131.0,166.8,4824.47,Low Value
16719,3.0,133.0,188.0,182.5,8971.55,Low Value
16722,5.0,185.0,188.0,354.556,22969.06,Average Value
16725,5.0,69.0,191.0,131.484,8372.3,Low Value
16726,2.0,165.0,181.0,332.81,14196.57,Low Value
16728,1.0,28.0,84.0,102.44,4156.83,Low Value
16729,8.0,59.0,61.0,358.84000000000003,54635.74,High Value
16730,1.0,85.0,139.0,293.92,9935.46,Low Value
16735,1.0,95.0,154.0,437.56,13820.1,Low Value
16743,2.0,147.0,178.0,315.735,13603.97,Low Value
16745,9.0,128.0,131.0,431.52666666666664,51489.43,High Value
16746,6.0,164.0,178.0,429.59,32322.85,High Value
16748,2.0,117.0,154.0,215.6,10134.63,Low Value
16755,1.0,89.0,135.0,592.41,20768.65,Average Value
16767,3.0,134.0,136.0,394.0733333333333,23283.96,Average Value
16770,3.0,136.0,192.0,175.22666666666666,8504.98,Low Value
16771,2.0,63.0,158.0,673.645,30874.88,High Value
16775,3.0,162.0,187.0,153.29999999999998,7575.69,Low Value
16779,10.0,183.0,186.0,390.48100000000005,41347.53,High Value
16782,6.0,161.0,185.0,162.76666666666668,11990.14,Low Value
16791,2.0,119.0,152.0,160.385,7618.21,Low Value
16801,2.0,81.0,93.0,363.49,21974.78,Average Value
16806,1.0,19.0,59.0,147.13,7192.02,Low Value
16807,1.0,55.0,90.0,280.6,12192.59,Low Value
16809,1.0,54.0,82.0,128.8,6041.56,Low Value
16813,1.0,13.0,24.0,110.55,7641.33,Low Value
16814,11.0,177.0,189.0,353.60636363636365,39944.55,High Value
16816,1.0,45.0,178.0,249.67000000000002,4579.96,Low Value
16817,6.0,183.0,188.0,155.87166666666667,11373.34,Low Value
16818,3.0,22.0,25.0,212.91666666666666,22437.42,Average Value
16832,2.0,33.0,37.0,70.125,5898.55,Low Value
16833,1.0,75.0,154.0,361.81,10425.67,Low Value
16837,5.0,48.0,65.0,333.2,36126.66,High Value
16838,1.0,91.0,108.0,196.73000000000002,8423.63,Low Value
16839,13.0,184.0,189.0,499.31000000000006,64495.92,High Value
16841,2.0,102.0,107.0,312.9,17754.77,Average Value
16843,4.0,130.0,147.0,770.71,50513.32,High Value
16871,2.0,60.0,90.0,751.4,45929.87,High Value
16873,2.0,167.0,184.0,537.905,22669.08,Average Value
16875,1.0,43.0,159.0,436.29,9359.71,Low Value
16882,1.0,78.0,137.0,205.8,6889.15,Low Value
16883,1.0,184.0,191.0,148.7,4802.73,Low Value
16889,2.0,142.0,156.0,527.81,24522.47,Average Value
16897,1.0,14.0,133.0,76.75,1566.23,Low Value
16899,1.0,153.0,180.0,177.0,5707.56,Low Value
16904,4.0,142.0,187.0,236.41750000000002,13490.55,Low Value
16905,2.0,135.0,191.0,299.765,12365.42,Low Value
16906,2.0,62.0,68.0,140.15,9692.96,Low Value
16907,2.0,131.0,185.0,200.99,8480.96,Low Value
16912,2.0,116.0,143.0,394.18,19243.1,Average Value
16915,1.0,35.0,103.0,112.49,3968.48,Low Value
16919,8.0,176.0,188.0,232.125,20664.85,Average Value
16923,9.0,175.0,182.0,364.66555555555556,36109.23,High Value
16927,1.0,85.0,181.0,123.35,3134.4,Low Value
16928,6.0,183.0,193.0,163.685,11748.58,Low Value
16931,8.0,175.0,189.0,218.8825,19424.4,Average Value
16942,2.0,38.0,47.0,311.6,24125.77,Average Value
16943,2.0,107.0,138.0,182.85,9148.41,Low Value
16945,4.0,157.0,178.0,373.4575,21936.92,Average Value
16948,1.0,64.0,145.0,170.94,5009.87,Low Value
16949,3.0,131.0,136.0,273.10999999999996,16158.37,Average Value
16954,2.0,105.0,179.0,297.34000000000003,12746.93,Low Value
16955,3.0,189.0,193.0,120.85666666666667,5871.06,Low Value
16957,1.0,42.0,101.0,301.8,11157.83,Low Value
16966,2.0,43.0,60.0,372.6,26702.54,Average Value
16980,1.0,36.0,111.0,346.6,11155.2,Low Value
16983,3.0,189.0,189.0,240.57666666666668,11780.69,Low Value
16985,3.0,147.0,178.0,660.68,33434.43,High Value
16992,1.0,85.0,104.0,249.55,10773.78,Low Value
16996,2.0,108.0,173.0,286.67,12552.72,Low Value
16997,2.0,37.0,145.0,156.0,7538.61,Low Value
16998,1.0,100.0,124.0,197.10000000000002,7772.91,Low Value
17001,4.0,151.0,178.0,350.995,20619.0,Average Value
17002,1.0,75.0,110.0,480.46000000000004,19166.9,Average Value
17007,2.0,156.0,177.0,127.805,5573.79,Low Value
17017,8.0,168.0,192.0,452.0625,39682.02,High Value
17019,2.0,107.0,188.0,318.55499999999995,13243.91,Low Value
17026,1.0,184.0,189.0,121.67999999999999,3987.6,Low Value
17027,2.0,34.0,137.0,126.16499999999999,6309.35,Low Value
17033,1.0,145.0,179.0,300.29999999999995,9494.89,Low Value
17035,1.0,66.0,131.0,174.02,5772.2,Low Value
17042,1.0,51.0,67.0,222.18,11529.77,Low Value
17048,1.0,49.0,151.0,501.99,12300.37,Low Value
17049,1.0,61.0,95.0,657.26,27877.41,Average Value
17050,4.0,112.0,119.0,632.2975,46363.99,High Value
17054,2.0,38.0,65.0,302.375,21089.93,Average Value
17058,1.0,40.0,59.0,236.94,12680.37,Low Value
17059,2.0,172.0,189.0,394.155,16360.47,Average Value
17061,4.0,40.0,52.0,327.87,33584.74,High Value
17062,3.0,56.0,189.0,119.57666666666667,5818.89,Low Value
17064,1.0,145.0,147.0,313.45000000000005,11731.12,Low Value
17068,10.0,179.0,188.0,248.26999999999998,26130.08,Average Value
17069,3.0,147.0,193.0,265.34000000000003,12810.86,Low Value
17071,3.0,122.0,129.0,245.15666666666667,14923.52,Low Value
17075,2.0,64.0,137.0,253.60500000000002,12666.81,Low Value
17076,1.0,91.0,184.0,182.7,4656.89,Low Value
17083,1.0,8.0,123.0,304.65999999999997,6178.5,Low Value
17085,3.0,112.0,182.0,255.3033333333333,12768.77,Low Value
17088,1.0,71.0,73.0,383.28,19849.58,Average Value
17090,2.0,127.0,174.0,293.925,12836.25,Low Value
17091,3.0,182.0,187.0,566.9866666666667,27864.01,Average Value
17095,1.0,35.0,154.0,230.81,4796.44,Low Value
17097,1.0,41.0,185.0,112.92,1873.67,Low Value
17107,1.0,70.0,98.0,2423.6,103242.7,High Value
17114,3.0,126.0,154.0,101.28333333333332,5635.57,Low Value
17115,1.0,51.0,53.0,302.8,17556.38,Average Value
17126,1.0,63.0,182.0,302.67,6397.04,Low Value
17133,2.0,76.0,86.0,897.685,55970.73,High Value
17135,1.0,82.0,191.0,284.97,6484.38,Low Value
17139,2.0,78.0,108.0,1033.26,58086.27,High Value
17146,1.0,95.0,178.0,265.63,7164.69,Low Value
17147,1.0,105.0,131.0,563.61,21275.49,Average Value
17152,1.0,69.0,83.0,1373.6,65301.76,High Value
17158,1.0,128.0,180.0,284.76,8585.25,Low Value
17160,1.0,16.0,61.0,593.16,27315.45,Average Value
17162,3.0,115.0,125.0,246.95666666666668,15279.78,Average Value
17164,1.0,61.0,93.0,316.09,13700.88,Low Value
17175,1.0,116.0,116.0,302.62,12872.74,Low Value
17179,1.0,129.0,181.0,245.31,7389.91,Low Value
17180,1.0,75.0,136.0,317.32,10491.2,Low Value
17188,2.0,47.0,182.0,455.4,19061.32,Average Value
17191,2.0,177.0,188.0,332.79499999999996,13872.18,Low Value
17198,1.0,6.0,191.0,249.65,2068.98,Low Value
17204,1.0,22.0,83.0,461.25,17585.69,Average Value
17211,4.0,136.0,189.0,245.16,13893.4,Low Value
17213,2.0,50.0,186.0,312.025,12916.26,Low Value
17214,3.0,110.0,179.0,147.54,7479.83,Low Value
17218,4.0,154.0,188.0,164.01,9346.22,Low Value
17220,3.0,158.0,184.0,382.4266666666667,18995.51,Average Value
17223,1.0,58.0,188.0,133.95,2603.46,Low Value
17227,1.0,112.0,188.0,223.9,6112.29,Low Value
17228,3.0,165.0,192.0,168.09333333333333,8166.68,Low Value
17230,3.0,95.0,179.0,625.7166666666667,31490.71,High Value
17231,5.0,171.0,181.0,300.288,19915.9,Average Value
17236,3.0,120.0,182.0,145.84666666666666,7323.3,Low Value
17238,6.0,187.0,191.0,196.35,14176.25,Low Value
17243,10.0,133.0,189.0,260.72,27315.71,Average Value
17262,2.0,139.0,186.0,343.25,14386.08,Low Value
17268,1.0,2.0,65.0,138.24,5477.0,Low Value
17272,1.0,63.0,82.0,751.76,35489.48,High Value
17277,1.0,95.0,142.0,348.33000000000004,11944.98,Low Value
17284,1.0,101.0,156.0,212.34,6827.54,Low Value
17287,3.0,167.0,192.0,128.80666666666667,6271.98,Low Value
17288,4.0,151.0,178.0,132.535,7819.19,Low Value
17293,1.0,53.0,181.0,123.21,2432.21,Low Value
17302,1.0,97.0,125.0,120.27,4730.82,Low Value
17306,6.0,149.0,173.0,478.61000000000007,36621.35,High Value
17314,2.0,56.0,132.0,291.6,14833.98,Low Value
17315,18.0,166.0,177.0,154.63333333333333,27351.61,Average Value
17320,1.0,132.0,188.0,459.18,13316.7,Low Value
17323,1.0,77.0,112.0,155.68,6260.37,Low Value
17324,1.0,35.0,186.0,575.18,8490.8,Low Value
17334,1.0,6.0,128.0,10.5,257.59,Low Value
17337,2.0,99.0,130.0,483.375,24810.57,Average Value
17338,4.0,156.0,181.0,718.9125,41753.3,High Value
17340,3.0,174.0,186.0,1043.8466666666666,51413.22,High Value
17346,5.0,186.0,193.0,163.632,10454.75,Low Value
17358,1.0,52.0,175.0,119.15,2463.07,Low Value
17361,1.0,105.0,111.0,218.92,9456.81,Low Value
17362,1.0,70.0,129.0,162.23000000000002,5584.64,Low Value
17364,4.0,127.0,151.0,416.405,26909.8,Average Value
17365,2.0,133.0,152.0,577.265,27206.73,Average Value
17368,2.0,78.0,157.0,162.885,7573.02,Low Value
17372,4.0,179.0,182.0,175.3375,10191.84,Low Value
17374,1.0,63.0,101.0,303.82,12469.54,Low Value
17375,2.0,162.0,181.0,145.195,6237.08,Low Value
17377,6.0,118.0,193.0,228.95333333333335,16385.51,Average Value
17381,11.0,169.0,192.0,1162.0045454545455,129892.18,High Value
17388,1.0,76.0,107.0,381.6,15640.16,Average Value
17389,12.0,146.0,151.0,418.5,57834.61,High Value
17392,1.0,52.0,178.0,145.5,2909.76,Low Value
17398,1.0,45.0,75.0,222.76999999999998,10577.95,Low Value
17400,3.0,143.0,173.0,296.1166666666666,15278.02,Average Value
17402,3.0,186.0,189.0,183.55999999999997,9002.56,Low Value
17404,5.0,149.0,180.0,2533.124,168163.96,High Value
17406,1.0,33.0,186.0,1498.32,21404.19,Average Value
17409,1.0,64.0,68.0,511.3,27003.66,Average Value
17412,3.0,176.0,192.0,170.84,8300.46,Low Value
17416,2.0,84.0,101.0,666.65,38732.83,High Value
17419,5.0,118.0,187.0,334.306,21699.41,Average Value
17422,1.0,76.0,116.0,306.82,11808.69,Low Value
17428,9.0,156.0,188.0,770.6466666666666,74746.31,High Value
17429,1.0,33.0,38.0,189.28,12014.15,Low Value
17442,1.0,70.0,110.0,374.0,14685.7,Low Value
17449,2.0,125.0,179.0,317.71500000000003,13631.29,Low Value
17450,9.0,175.0,187.0,5970.1577777777775,580831.02,High Value
17454,3.0,167.0,179.0,117.22666666666667,5964.84,Low Value
17457,3.0,135.0,159.0,337.28,18275.07,Average Value
17460,4.0,148.0,193.0,110.67,6220.46,Low Value
17463,1.0,80.0,133.0,234.25,8124.78,Low Value
17470,2.0,150.0,187.0,222.355,9318.7,Low Value
17472,2.0,108.0,119.0,228.89,12353.74,Low Value
17491,3.0,183.0,187.0,332.4866666666667,16364.74,Average Value
17504,5.0,116.0,142.0,511.17600000000004,38948.27,High Value
17507,1.0,48.0,129.0,265.02,7927.24,Low Value
17511,13.0,167.0,193.0,2609.589230769231,332516.87,High Value
17512,5.0,101.0,121.0,161.58200000000002,13437.85,Low Value
17515,2.0,112.0,138.0,169.945,8510.6,Low Value
17516,1.0,68.0,105.0,127.38,5252.47,Low Value
17519,2.0,162.0,188.0,310.15,12929.4,Low Value
17522,2.0,35.0,38.0,317.77,26029.73,Average Value
17526,2.0,75.0,185.0,323.0,13509.54,Low Value
17530,4.0,159.0,185.0,265.6575,15258.01,Average Value
17550,1.0,46.0,63.0,110.94,5954.86,Low Value
17560,2.0,106.0,130.0,161.975,8378.33,Low Value
17567,3.0,139.0,192.0,452.00666666666666,21847.89,Average Value
17571,1.0,21.0,118.0,75.6,2023.5,Low Value
17572,1.0,135.0,193.0,81.4,2400.71,Low Value
17576,8.0,182.0,185.0,201.905,18159.15,Average Value
17580,2.0,106.0,178.0,82.96000000000001,3625.61,Low Value
17581,3.0,159.0,192.0,877.5933333333332,42383.46,High Value
17585,1.0,75.0,158.0,103.72,2971.04,Low Value
17589,1.0,53.0,60.0,620.65,33942.49,High Value
17591,4.0,164.0,187.0,310.7425,17722.16,Average Value
17596,2.0,177.0,188.0,448.12,18652.98,Average Value
17604,1.0,95.0,132.0,173.12,6409.52,Low Value
17609,1.0,25.0,147.0,107.65,2161.87,Low Value
17611,5.0,160.0,181.0,355.55,23569.52,Average Value
17612,1.0,83.0,117.0,360.29,14073.83,Low Value
17613,5.0,111.0,125.0,388.04200000000003,31658.02,High Value
17615,1.0,19.0,42.0,118.55,6952.07,Low Value
17616,1.0,113.0,187.0,81.6,2313.91,Low Value
17618,1.0,114.0,182.0,346.5,9839.32,Low Value
17621,1.0,42.0,174.0,662.38,12091.61,Low Value
17629,2.0,145.0,179.0,183.77,7923.46,Low Value
17634,4.0,125.0,157.0,257.255,16281.55,Average Value
17644,1.0,57.0,80.0,479.3,22619.04,Average Value
17646,2.0,146.0,185.0,378.69500000000005,15920.5,Average Value
17648,1.0,57.0,69.0,523.52,26949.33,Average Value
17652,3.0,98.0,101.0,469.03333333333336,32134.81,High Value
17655,3.0,156.0,186.0,308.8666666666667,15251.24,Average Value
17659,4.0,188.0,192.0,220.05499999999998,12364.77,Low Value
17663,2.0,89.0,107.0,209.71,11929.52,Low Value
17667,1.0,87.0,118.0,428.62,16806.29,Average Value
17669,2.0,39.0,69.0,567.75,38634.82,High Value
17671,1.0,154.0,185.0,392.54999999999995,12224.4,Low Value
17673,2.0,134.0,140.0,332.41499999999996,16439.61,Average Value
17675,12.0,180.0,187.0,594.0408333333334,72373.65,High Value
17677,6.0,156.0,188.0,882.9883333333333,64202.6,High Value
17682,2.0,176.0,188.0,357.95500000000004,14914.92,Low Value
17685,4.0,106.0,192.0,265.05,14846.27,Low Value
17686,1.0,102.0,122.0,1444.14,57043.98,High Value
17690,8.0,187.0,193.0,335.89125,29404.48,High Value
17691,1.0,10.0,188.0,147.9,1402.29,Low Value
17692,2.0,133.0,179.0,140.1,6056.74,Low Value
17696,2.0,179.0,184.0,330.995,13981.95,Low Value
17700,1.0,68.0,101.0,522.96,21755.19,Average Value
17705,2.0,86.0,121.0,110.5,5959.6,Low Value
17706,2.0,179.0,186.0,356.72,14962.92,Average Value
17707,1.0,151.0,156.0,68.7,2577.82,Low Value
17708,1.0,137.0,144.0,156.48,5944.35,Low Value
17716,1.0,18.0,87.0,786.16,27624.08,Average Value
17719,4.0,65.0,75.0,347.9075,31376.21,High Value
17720,1.0,142.0,187.0,430.38,12899.99,Low Value
17722,2.0,177.0,186.0,595.37,24921.16,Average Value
17723,2.0,23.0,34.0,415.00000000000006,34834.05,High Value
17725,3.0,75.0,87.0,310.64000000000004,22766.31,Average Value
17730,4.0,141.0,146.0,429.98,28318.86,Average Value
17735,8.0,180.0,187.0,708.3199999999999,63183.17,High Value
17739,2.0,164.0,180.0,355.355,15203.89,Average Value
17744,3.0,108.0,178.0,303.81333333333333,15388.05,Average Value
17757,14.0,181.0,192.0,163.87428571428572,22303.85,Average Value
17758,1.0,42.0,70.0,471.04,22881.38,Average Value
17765,1.0,46.0,76.0,141.3,6741.48,Low Value
17769,1.0,42.0,140.0,508.45,12967.69,Low Value
17770,3.0,84.0,102.0,180.03333333333333,12326.55,Low Value
17774,1.0,56.0,125.0,375.0,12209.7,Low Value
17787,2.0,67.0,191.0,489.945,20003.11,Average Value
17790,6.0,166.0,184.0,128.02666666666667,9472.55,Low Value
17796,2.0,56.0,189.0,253.675,10429.4,Low Value
17799,4.0,119.0,181.0,291.2125,16929.06,Average Value
17800,2.0,117.0,154.0,109.4,5184.71,Low Value
17809,4.0,156.0,193.0,653.975,36512.72,High Value
17811,17.0,146.0,153.0,228.2094117647059,41826.39,High Value
17816,1.0,96.0,185.0,5.1,223.55,Low Value
17819,5.0,189.0,191.0,575.4,36884.47,High Value
17827,1.0,122.0,184.0,312.01,9011.27,Low Value
17830,1.0,27.0,108.0,99.15,3120.39,Low Value
17838,2.0,80.0,192.0,485.27,19802.08,Average Value
17841,46.0,190.0,193.0,267.90608695652173,105203.44,High Value
17848,3.0,109.0,178.0,97.02333333333333,4956.52,Low Value
17849,3.0,115.0,153.0,129.35,7203.39,Low Value
17850,1.0,1.0,193.0,3891.87,27568.87,Average Value
17854,1.0,42.0,47.0,199.5,11967.72,Low Value
17856,2.0,48.0,101.0,329.91,19181.83,Average Value
17857,8.0,159.0,185.0,931.08,83574.46,High Value
17858,5.0,108.0,189.0,473.7099999999999,30503.35,High Value
17861,1.0,66.0,139.0,216.12,6699.66,Low Value
17863,2.0,115.0,189.0,493.59000000000003,20423.63,Average Value
17865,6.0,160.0,184.0,567.535,41833.7,High Value
17867,1.0,85.0,108.0,578.5500000000001,24101.16,Average Value
17869,2.0,153.0,188.0,48.32,2078.12,Low Value
17873,3.0,189.0,193.0,414.1966666666667,19978.16,Average Value
17874,2.0,70.0,75.0,309.15000000000003,20458.73,Average Value
17884,2.0,60.0,191.0,207.66500000000002,8504.19,Low Value
17886,1.0,39.0,69.0,173.07,8488.04,Low Value
17888,2.0,145.0,177.0,74.675,3288.61,Low Value
17889,1.0,110.0,142.0,102.02,3750.53,Low Value
17890,1.0,39.0,181.0,125.13,2100.19,Low Value
17894,5.0,81.0,186.0,152.132,9889.12,Low Value
17897,1.0,6.0,193.0,268.73,2170.65,Low Value
17905,1.0,21.0,193.0,192.4,2124.57,Low Value
17912,3.0,54.0,184.0,68.62,3421.22,Low Value
17917,1.0,106.0,182.0,119.55,3355.02,Low Value
17920,4.0,173.0,193.0,261.82,14652.24,Low Value
17924,1.0,72.0,193.0,223.20000000000002,4659.88,Low Value
17929,1.0,54.0,128.0,238.79999999999998,7525.31,Low Value
17937,3.0,105.0,182.0,644.64,32134.88,High Value
17940,3.0,84.0,122.0,182.88000000000002,11469.1,Low Value
17946,1.0,26.0,79.0,132.03,5513.74,Low Value
17949,10.0,182.0,191.0,931.8,97012.03,High Value
17951,1.0,15.0,193.0,114.0,1136.9,Low Value
17954,7.0,187.0,191.0,201.33714285714288,16142.82,Average Value
17955,2.0,21.0,39.0,143.475,11751.49,Low Value
17961,19.0,189.0,192.0,40.694736842105264,7202.55,Low Value
17965,5.0,117.0,189.0,258.536,16680.05,Average Value
17966,1.0,77.0,81.0,136.5,6873.12,Low Value
17975,6.0,174.0,186.0,410.61999999999995,30083.95,High Value
17980,1.0,155.0,179.0,267.55,8644.93,Low Value
17990,2.0,125.0,181.0,231.42000000000002,9882.76,Low Value
17991,1.0,1.0,46.0,87.45,4415.61,Low Value
17994,2.0,101.0,110.0,125.265,7074.83,Low Value
18008,5.0,115.0,138.0,386.91999999999996,29957.35,High Value
18016,2.0,178.0,184.0,166.055,7052.87,Low Value
18037,4.0,137.0,182.0,7.38,479.57,Low Value
18041,12.0,189.0,192.0,192.2558333333333,23070.08,Average Value
18043,1.0,160.0,186.0,135.35,4317.61,Low Value
18044,5.0,162.0,180.0,161.792,10788.22,Low Value
18055,5.0,166.0,189.0,586.216,37815.08,High Value
18061,5.0,184.0,186.0,186.642,12193.54,Low Value
18062,1.0,117.0,157.0,316.12,10558.78,Low Value
18065,3.0,181.0,184.0,355.71000000000004,17677.85,Average Value
18069,1.0,92.0,147.0,391.9,12840.91,Low Value
18071,1.0,108.0,185.0,194.05,5324.76,Low Value
18073,2.0,12.0,17.0,220.62,20944.95,Average Value
18075,5.0,156.0,180.0,214.35399999999998,14276.18,Low Value
18077,3.0,140.0,186.0,224.83666666666667,11114.5,Low Value
18078,1.0,42.0,79.0,138.19,6315.98,Low Value
18085,1.0,43.0,193.0,386.05,5934.08,Low Value
18092,5.0,181.0,185.0,636.8639999999999,41628.27,High Value
18093,1.0,5.0,122.0,264.6,5178.04,Low Value
18094,2.0,73.0,111.0,636.24,35323.73,High Value
18095,1.0,20.0,152.0,205.3,3566.22,Low Value
18097,2.0,149.0,174.0,637.02,27746.56,Average Value
18102,9.0,184.0,187.0,7356.584444444446,715746.92,High Value
18109,11.0,189.0,189.0,238.57363636363635,26964.22,Average Value
18116,6.0,130.0,184.0,185.19833333333335,13672.46,Low Value
18118,14.0,183.0,189.0,217.2342857142857,29844.9,High Value
18125,2.0,115.0,136.0,194.34,9797.29,Low Value
18136,1.0,108.0,139.0,311.86,11346.17,Low Value
18144,5.0,161.0,193.0,288.12,18368.06,Average Value
18145,1.0,108.0,132.0,414.77,15710.6,Average Value
18149,1.0,58.0,93.0,321.9,13792.43,Low Value
18161,1.0,67.0,139.0,244.79,7616.64,Low Value
18168,4.0,168.0,192.0,197.8725,11121.32,Low Value
18171,1.0,95.0,153.0,224.14000000000001,7183.53,Low Value
18172,4.0,78.0,109.0,435.445,33345.48,High Value
18173,2.0,75.0,94.0,437.68,26306.49,Average Value
18177,3.0,51.0,75.0,181.53333333333333,14168.21,Low Value
18178,2.0,145.0,184.0,399.645,16852.62,Average Value
18179,3.0,84.0,156.0,255.78666666666666,14001.09,Low Value
18183,1.0,47.0,94.0,319.27000000000004,12915.48,Low Value
18190,1.0,138.0,150.0,113.0,4198.77,Low Value
18198,10.0,149.0,156.0,320.025,37609.94,High Value
18202,1.0,112.0,131.0,911.26,34878.86,High Value
18218,1.0,70.0,101.0,352.7,14823.17,Low Value
18219,4.0,154.0,188.0,175.53,9999.04,Low Value
18221,1.0,27.0,31.0,302.54,20011.16,Average Value
18223,6.0,153.0,178.0,375.965,28290.38,Average Value
18225,4.0,161.0,185.0,409.5175,23492.77,Average Value
18226,5.0,152.0,157.0,436.608,31465.19,High Value
18229,8.0,189.0,193.0,358.2125,31356.2,High Value
18230,2.0,95.0,122.0,394.74,20957.94,Average Value
18231,4.0,96.0,108.0,448.0675,34475.68,High Value
18232,1.0,5.0,17.0,263.13,18656.93,Average Value
18236,1.0,54.0,60.0,181.3,10082.33,Low Value
18239,4.0,154.0,192.0,280.8775,15761.59,Average Value
18242,1.0,17.0,33.0,379.82,23721.28,Average Value
18245,2.0,144.0,175.0,470.28,20431.46,Average Value
18257,2.0,90.0,116.0,196.39999999999998,10745.52,Low Value
18260,4.0,153.0,178.0,496.34250000000003,29135.92,High Value
18272,1.0,21.0,66.0,340.72,15462.59,Average Value
18283,4.0,137.0,157.0,106.1625,6754.36,Low Value
